date,close_eur,source
2010-08-18,0.05434782608695652173913043478,blockchain.info-x-ecb
2010-08-19,0.05453412277968214397008413836,blockchain.info-x-ecb
2010-08-20,0.05507041145464558256628117379,blockchain.info-x-ecb
2010-08-21,0.05507041145464558256628117379,blockchain.info-x-ecb
2010-08-22,0.05507041145464558256628117379,blockchain.info-x-ecb
2010-08-23,0.05510075566750629722921914358,blockchain.info-x-ecb
2010-08-24,0.05550709697882800729521846007,blockchain.info-x-ecb
2010-08-25,0.05549829540949813684293982399,blockchain.info-x-ecb
2010-08-26,0.05514850705113054439454817616,blockchain.info-x-ecb
2010-08-27,0.05506174781719499724691260914,blockchain.info-x-ecb
2010-08-28,0.05506174781719499724691260914,blockchain.info-x-ecb
2010-08-29,0.04719578384330999764021080783,blockchain.info-x-ecb
2010-08-30,0.05511811023622047244094488189,blockchain.info-x-ecb
2010-08-31,0.05520504731861198738170347003,blockchain.info-x-ecb
2010-09-01,0.046875,blockchain.info-x-ecb
2010-09-02,0.04680917459822125136526759245,blockchain.info-x-ecb
2010-09-03,0.04675081813931743805516596540,blockchain.info-x-ecb
2010-09-04,0.04675081813931743805516596540,blockchain.info-x-ecb
2010-09-05,0.04675081813931743805516596540,blockchain.info-x-ecb
2010-09-06,0.04660556159701724405779089638,blockchain.info-x-ecb
2010-09-07,0.04708097928436911487758945386,blockchain.info-x-ecb
2010-09-08,0.04725525714735764353784358510,blockchain.info-x-ecb
2010-09-09,0.04718836020448289421942587495,blockchain.info-x-ecb
2010-09-10,0.04715127701375245579567779961,blockchain.info-x-ecb
2010-09-11,0.04715127701375245579567779961,blockchain.info-x-ecb
2010-09-12,0.04715127701375245579567779961,blockchain.info-x-ecb
2010-09-13,0.04687133817670494492617764237,blockchain.info-x-ecb
2010-09-14,0.04669260700389105058365758755,blockchain.info-x-ecb
2010-09-15,0.06928939872199553468319347140,blockchain.info-x-ecb
2010-09-16,0.1146964367640311974307998165,blockchain.info-x-ecb
2010-09-17,0.04594180704441041347626339969,blockchain.info-x-ecb
2010-09-18,0.04594180704441041347626339969,blockchain.info-x-ecb
2010-09-19,0.04594180704441041347626339969,blockchain.info-x-ecb
2010-09-20,0.04589261128958237723726480037,blockchain.info-x-ecb
2010-09-21,0.04573170731707317073170731707,blockchain.info-x-ecb
2010-09-22,0.04489673750374139479197844957,blockchain.info-x-ecb
2010-09-23,0.04503490204908804323350596712,blockchain.info-x-ecb
2010-09-24,0.04473605726215329555621831196,blockchain.info-x-ecb
2010-09-25,0.04473605726215329555621831196,blockchain.info-x-ecb
2010-09-26,0.04473605726215329555621831196,blockchain.info-x-ecb
2010-09-27,0.04452029383393930399940639608,blockchain.info-x-ecb
2010-09-28,0.04457652303120356612184249629,blockchain.info-x-ecb
2010-09-29,0.04408199250606127396958342517,blockchain.info-x-ecb
2010-09-30,0.04396248534583821805392731536,blockchain.info-x-ecb
2010-10-01,0.04371266210112195832726213026,blockchain.info-x-ecb
2010-10-02,0.04371266210112195832726213026,blockchain.info-x-ecb
2010-10-03,0.04371266210112195832726213026,blockchain.info-x-ecb
2010-10-04,0.04377964246625319226559649763,blockchain.info-x-ecb
2010-10-05,0.04354136429608127721335268505,blockchain.info-x-ecb
2010-10-06,0.04330254041570438799076212471,blockchain.info-x-ecb
2010-10-07,0.04294917680744452397995705082,blockchain.info-x-ecb
2010-10-08,0.05045408678102926337033299697,blockchain.info-x-ecb
2010-10-09,0.07207726683004180481476142425,blockchain.info-x-ecb
2010-10-10,0.08649272019605016577771370910,blockchain.info-x-ecb
2010-10-11,0.08610792192881745120551090700,blockchain.info-x-ecb
2010-10-12,0.08674907829104315766644979397,blockchain.info-x-ecb
2010-10-13,0.07164350193437455222811291016,blockchain.info-x-ecb
2010-10-14,0.07091695624423799730515566272,blockchain.info-x-ecb
2010-10-15,0.07807509404499964511320888637,blockchain.info-x-ecb
2010-10-16,0.08517282986727234012350060331,blockchain.info-x-ecb
2010-10-17,0.07807509404499964511320888637,blockchain.info-x-ecb
2010-10-18,0.07196315486470926885434657455,blockchain.info-x-ecb
2010-10-19,0.07215527815859730139259686846,blockchain.info-x-ecb
2010-10-20,0.07214486689272058293052449318,blockchain.info-x-ecb
2010-10-21,0.07134703196347031963470319635,blockchain.info-x-ecb
2010-10-22,0.07894359121573130472226209272,blockchain.info-x-ecb
2010-10-23,0.07894359121573130472226209272,blockchain.info-x-ecb
2010-10-24,0.09329697143677336012630974595,blockchain.info-x-ecb
2010-10-25,0.1282873636946760744066709429,blockchain.info-x-ecb
2010-10-26,0.1150086256469235192639447959,blockchain.info-x-ecb
2010-10-27,0.1376512352387162211113526045,blockchain.info-x-ecb
2010-10-28,0.1371148156166558418128021938,blockchain.info-x-ecb
2010-10-29,0.1371148156166558418128021938,blockchain.info-x-ecb
2010-10-30,0.1371148156166558418128021938,blockchain.info-x-ecb
2010-10-31,0.1371148156166558418128021938,blockchain.info-x-ecb
2010-11-01,0.1436162573603331897170759730,blockchain.info-x-ecb
2010-11-02,0.1426737052361249821657868455,blockchain.info-x-ecb
2010-11-03,0.1498501498501498501498501499,blockchain.info-x-ecb
2010-11-04,0.1895534962089300758213984836,blockchain.info-x-ecb
2010-11-05,0.1704061346208463504686168702,blockchain.info-x-ecb
2010-11-06,0.1775063902300482817381425731,blockchain.info-x-ecb
2010-11-07,0.2414086907128656631638738995,blockchain.info-x-ecb
2010-11-08,0.3377164618811525472443773802,blockchain.info-x-ecb
2010-11-09,0.2581570455360344209394048046,blockchain.info-x-ecb
2010-11-10,0.2323892519970951343500363108,blockchain.info-x-ecb
2010-11-11,0.1897810218978102189781021898,blockchain.info-x-ecb
2010-11-12,0.1750419371307709138647801036,blockchain.info-x-ecb
2010-11-13,0.1896287652250018233535117789,blockchain.info-x-ecb
2010-11-14,0.2188024214134636423309751295,blockchain.info-x-ecb
2010-11-15,0.2201673271686481726111845002,blockchain.info-x-ecb
2010-11-16,0.2057008521892447840141052013,blockchain.info-x-ecb
2010-11-17,0.2076997255396483940360507381,blockchain.info-x-ecb
2010-11-18,0.2051732981607679343445445886,blockchain.info-x-ecb
2010-11-19,0.2120813222173467895275705719,blockchain.info-x-ecb
2010-11-20,0.2047681731753693140266198625,blockchain.info-x-ecb
2010-11-21,0.2120813222173467895275705719,blockchain.info-x-ecb
2010-11-22,0.2125009159522239319997068953,blockchain.info-x-ecb
2010-11-23,0.2074688796680497925311203320,blockchain.info-x-ecb
2010-11-24,0.2174076017692480695704325662,blockchain.info-x-ecb
2010-11-25,0.2101944298476090383604834472,blockchain.info-x-ecb
2010-11-26,0.2117202268431001890359168242,blockchain.info-x-ecb
2010-11-27,0.2192816635160680529300567108,blockchain.info-x-ecb
2010-11-28,0.2117202268431001890359168242,blockchain.info-x-ecb
2010-11-29,0.2129925452609158679446219382,blockchain.info-x-ecb
2010-11-30,0.2154177565779350669333743653,blockchain.info-x-ecb
2010-12-01,0.1982462828821959588257720168,blockchain.info-x-ecb
2010-12-02,0.1748384644621816799695933105,blockchain.info-x-ecb
2010-12-03,0.1887362222557753284010267250,blockchain.info-x-ecb
2010-12-04,0.1962856711460063415370677941,blockchain.info-x-ecb
2010-12-05,0.1887362222557753284010267250,blockchain.info-x-ecb
2010-12-06,0.1731927710843373493975903614,blockchain.info-x-ecb
2010-12-07,0.1721170395869191049913941480,blockchain.info-x-ecb
2010-12-08,0.1742424242424242424242424242,blockchain.info-x-ecb
2010-12-09,0.1891932798546995610715907371,blockchain.info-x-ecb
2010-12-10,0.1736635457565690123829658713,blockchain.info-x-ecb
2010-12-11,0.1585623678646934460887949260,blockchain.info-x-ecb
2010-12-12,0.1736635457565690123829658713,blockchain.info-x-ecb
2010-12-13,0.1733624783296902087887239014,blockchain.info-x-ecb
2010-12-14,0.1711946408634164495720133978,blockchain.info-x-ecb
2010-12-15,0.1721556886227544910179640719,blockchain.info-x-ecb
2010-12-16,0.1888502794984136576522133253,blockchain.info-x-ecb
2010-12-17,0.1885369532428355957767722474,blockchain.info-x-ecb
2010-12-18,0.1885369532428355957767722474,blockchain.info-x-ecb
2010-12-19,0.1885369532428355957767722474,blockchain.info-x-ecb
2010-12-20,0.1977637483836616718643036434,blockchain.info-x-ecb
2010-12-21,0.2052451539338654503990877993,blockchain.info-x-ecb
2010-12-22,0.2059182428309945088468578401,blockchain.info-x-ecb
2010-12-23,0.1990202082057562767911818739,blockchain.info-x-ecb
2010-12-24,0.1908542636842507061607756317,blockchain.info-x-ecb
2010-12-25,0.1908542636842507061607756317,blockchain.info-x-ecb
2010-12-26,0.1908542636842507061607756317,blockchain.info-x-ecb
2010-12-27,0.2055420219244823386114494519,blockchain.info-x-ecb
2010-12-28,0.2046229632436528988253126184,blockchain.info-x-ecb
2010-12-29,0.2207673568818514007308160780,blockchain.info-x-ecb
2010-12-30,0.2259036144578313253012048193,blockchain.info-x-ecb
2010-12-31,0.2245172878311629995509654243,blockchain.info-x-ecb
2011-01-01,0.2245172878311629995509654243,blockchain.info-x-ecb
2011-01-02,0.2245172878311629995509654243,blockchain.info-x-ecb
2011-01-03,0.2247527719508540605334132454,blockchain.info-x-ecb
2011-01-04,0.2235302883540719767528500112,blockchain.info-x-ecb
2011-01-05,0.2270491182925906304397184591,blockchain.info-x-ecb
2011-01-06,0.2291650752425330379650141318,blockchain.info-x-ecb
2011-01-07,0.2314636216341331687369801713,blockchain.info-x-ecb
2011-01-08,0.2468945297430753799861121827,blockchain.info-x-ecb
2011-01-09,0.2468945297430753799861121827,blockchain.info-x-ecb
2011-01-10,0.2480043400759513291482600946,blockchain.info-x-ecb
2011-01-11,0.2548656163113994439295644115,blockchain.info-x-ecb
2011-01-12,0.2543744700531873891929391814,blockchain.info-x-ecb
2011-01-13,0.2727479354496552769149177968,blockchain.info-x-ecb
2011-01-14,0.3146303093864708966963817514,blockchain.info-x-ecb
2011-01-15,0.3296127050715409393962094539,blockchain.info-x-ecb
2011-01-16,0.2996479137014008539965540490,blockchain.info-x-ecb
2011-01-17,0.3005033430996919840733228157,blockchain.info-x-ecb
2011-01-18,0.2991548874429735995811831576,blockchain.info-x-ecb
2011-01-19,0.2813564341774026358655412409,blockchain.info-x-ecb
2011-01-20,0.2597980997624703087885985748,blockchain.info-x-ecb
2011-01-21,0.2810443014569928259744101768,blockchain.info-x-ecb
2011-01-22,0.3254197174765180090230012573,blockchain.info-x-ecb
2011-01-23,0.3180238148065971451815694105,blockchain.info-x-ecb
2011-01-24,0.3242207648662589344926681895,blockchain.info-x-ecb
2011-01-25,0.3236245954692556634304207120,blockchain.info-x-ecb
2011-01-26,0.3143045099042467655873108691,blockchain.info-x-ecb
2011-01-27,0.3062117235345581802274715661,blockchain.info-x-ecb
2011-01-28,0.3136396790663749088256746900,blockchain.info-x-ecb
2011-01-29,0.3282275711159737417943107221,blockchain.info-x-ecb
2011-01-30,0.3282275711159737417943107221,blockchain.info-x-ecb
2011-01-31,0.3505696757230499561787905346,blockchain.info-x-ecb
2011-02-01,0.4434750999636495819701926572,blockchain.info-x-ecb
2011-02-02,0.6665217706295732811707599797,blockchain.info-x-ecb
2011-02-03,0.5965805747544561658785012732,blockchain.info-x-ecb
2011-02-04,0.5722250751962438559166605532,blockchain.info-x-ecb
2011-02-05,0.6529234832367397843151639645,blockchain.info-x-ecb
2011-02-06,0.6749321399750568556965739858,blockchain.info-x-ecb
2011-02-07,0.6788164981922821515531616616,blockchain.info-x-ecb
2011-02-08,0.6600660066006600660066006601,blockchain.info-x-ecb
2011-02-09,0.6668132190224957866197699128,blockchain.info-x-ecb
2011-02-10,0.7130255807115554248750367539,blockchain.info-x-ecb
2011-02-11,0.7985803016858917480035492458,blockchain.info-x-ecb
2011-02-12,0.7616089914226560189293108548,blockchain.info-x-ecb
2011-02-13,0.8059745637385388938183969240,blockchain.info-x-ecb
2011-02-14,0.8035714285714285714285714286,blockchain.info-x-ecb
2011-02-15,0.7994078460399703923019985196,blockchain.info-x-ecb
2011-02-16,0.7994078460399703923019985196,blockchain.info-x-ecb
2011-02-17,0.7743362831858407079646017699,blockchain.info-x-ecb
2011-02-18,0.7705290966463638365010640640,blockchain.info-x-ecb
2011-02-19,0.7631907242973508475820063110,blockchain.info-x-ecb
2011-02-20,0.7338372349012988919057752990,blockchain.info-x-ecb
2011-02-21,0.6877377816798361135498975710,blockchain.info-x-ecb
2011-02-22,0.6438867344698909782688227116,blockchain.info-x-ecb
2011-02-23,0.6481683781224965406743864249,blockchain.info-x-ecb
2011-02-24,0.6897553183765337980106004502,blockchain.info-x-ecb
2011-02-25,0.6975730271762825170760063944,blockchain.info-x-ecb
2011-02-26,0.7266385699752942886208399942,blockchain.info-x-ecb
2011-02-27,0.7121057985757884028484231943,blockchain.info-x-ecb
2011-02-28,0.6939424606043082261095850802,blockchain.info-x-ecb
2011-03-01,0.6871609403254972875226039783,blockchain.info-x-ecb
2011-03-02,0.7024404373959012238395249475,blockchain.info-x-ecb
2011-03-03,0.6859205776173285198555956679,blockchain.info-x-ecb
2011-03-04,0.6734971698789138066919825177,blockchain.info-x-ecb
2011-03-05,0.6663323063695636598122805761,blockchain.info-x-ecb
2011-03-06,0.6591674428602135129325786344,blockchain.info-x-ecb
2011-03-07,0.6487025948103792415169660679,blockchain.info-x-ecb
2011-03-08,0.6547704705713052237732047777,blockchain.info-x-ecb
2011-03-09,0.6461803561171740379092475589,blockchain.info-x-ecb
2011-03-10,0.6368965766809003401606716364,blockchain.info-x-ecb
2011-03-11,0.6461918245843316633994046323,blockchain.info-x-ecb
2011-03-12,0.6752341537791330864735351775,blockchain.info-x-ecb
2011-03-13,0.6679735714804327307050025412,blockchain.info-x-ecb
2011-03-14,0.6524232864926871236019501004,blockchain.info-x-ecb
2011-03-15,0.6482281763180639585133967156,blockchain.info-x-ecb
2011-03-16,0.6451150455164504336606694861,blockchain.info-x-ecb
2011-03-17,0.6355327049414453013424735790,blockchain.info-x-ecb
2011-03-18,0.6157112526539278131634819533,blockchain.info-x-ecb
2011-03-19,0.5944798301486199575371549894,blockchain.info-x-ecb
2011-03-20,0.5803255484784147204529370134,blockchain.info-x-ecb
2011-03-21,0.5565731999436381569677328449,blockchain.info-x-ecb
2011-03-22,0.5559073956794032791499542608,blockchain.info-x-ecb
2011-03-23,0.5730050933786078098471986418,blockchain.info-x-ecb
2011-03-24,0.6087202718006795016987542469,blockchain.info-x-ecb
2011-03-25,0.6376195536663124335812964931,blockchain.info-x-ecb
2011-03-26,0.6305348919589089620970598654,blockchain.info-x-ecb
2011-03-27,0.6376195536663124335812964931,blockchain.info-x-ecb
2011-03-28,0.6342645381984036488027366021,blockchain.info-x-ecb
2011-03-29,0.5971847006967154841461680648,blockchain.info-x-ecb
2011-03-30,0.5677785663591199432221433641,blockchain.info-x-ecb
2011-03-31,0.5631026958541564017737734919,blockchain.info-x-ecb
2011-04-01,0.5657308535464252881691535252,blockchain.info-x-ecb
2011-04-02,0.5657308535464252881691535252,blockchain.info-x-ecb
2011-04-03,0.5657308535464252881691535252,blockchain.info-x-ecb
2011-04-04,0.5617977528089887640449438202,blockchain.info-x-ecb
2011-04-05,0.5435549908230975575321191585,blockchain.info-x-ecb
2011-04-06,0.5034965034965034965034965035,blockchain.info-x-ecb
2011-04-07,0.5250997689561016593152699013,blockchain.info-x-ecb
2011-04-08,0.5416290535379487535587806402,blockchain.info-x-ecb
2011-04-09,0.5485730157627942503992778279,blockchain.info-x-ecb
2011-04-10,0.5346850913131032567182834525,blockchain.info-x-ecb
2011-04-11,0.5265345711514479700706664819,blockchain.info-x-ecb
2011-04-12,0.5597788527988942639944713200,blockchain.info-x-ecb
2011-04-13,0.6347892085834540812806182295,blockchain.info-x-ecb
2011-04-14,0.6874522602597041872092215818,blockchain.info-x-ecb
2011-04-15,0.6782006920415224913494809689,blockchain.info-x-ecb
2011-04-16,0.7543252595155709342560553633,blockchain.info-x-ecb
2011-04-17,0.7543252595155709342560553633,blockchain.info-x-ecb
2011-04-18,0.7775831873905429071803852890,blockchain.info-x-ecb
2011-04-19,0.8390434904209201510278282758,blockchain.info-x-ecb
2011-04-20,0.8198415432311401997933172580,blockchain.info-x-ecb
2011-04-21,0.8228195282501371365880416895,blockchain.info-x-ecb
2011-04-22,0.8433900164563905650027427318,blockchain.info-x-ecb
2011-04-23,0.9462424574876577070762479430,blockchain.info-x-ecb
2011-04-24,1.131376851343938562808557323,blockchain.info-x-ecb
2011-04-25,1.295940756993965990126165661,blockchain.info-x-ecb
2011-04-26,1.169870698501744544024081549,blockchain.info-x-ecb
2011-04-27,1.213526043086992091628033815,blockchain.info-x-ecb
2011-04-28,1.433013383804244964174665405,blockchain.info-x-ecb
2011-04-29,1.790040376850605652759084791,blockchain.info-x-ecb
2011-04-30,2.052489905787348586810228802,blockchain.info-x-ecb
2011-05-01,2.786002691790040376850605653,blockchain.info-x-ecb
2011-05-02,2.662263260767001415380467750,blockchain.info-x-ecb
2011-05-03,2.361299052774018944519621110,blockchain.info-x-ecb
2011-05-04,2.358553957801370783496841822,blockchain.info-x-ecb
2011-05-05,2.403132172269474821115161334,blockchain.info-x-ecb
2011-05-06,2.427418798703537687056065099,blockchain.info-x-ecb
2011-05-07,2.496379560030342734983794221,blockchain.info-x-ecb
2011-05-08,2.586028549755189297289842080,blockchain.info-x-ecb
2011-05-09,2.715843578523303465999861082,blockchain.info-x-ecb
2011-05-10,2.953057528903747039977712773,blockchain.info-x-ecb
2011-05-11,3.768196698474611687678484363,blockchain.info-x-ecb
2011-05-12,4.267646435384724086766056666,blockchain.info-x-ecb
2011-05-13,4.586834733893557422969187675,blockchain.info-x-ecb
2011-05-14,5.994397759103641456582633053,blockchain.info-x-ecb
2011-05-15,6.176470588235294117647058824,blockchain.info-x-ecb
2011-05-16,6.038322845223785618327087605,blockchain.info-x-ecb
2011-05-17,5.976995272034436525298144097,blockchain.info-x-ecb
2011-05-18,5.812890981935755956983200956,blockchain.info-x-ecb
2011-05-19,5.432877672625306694707325622,blockchain.info-x-ecb
2011-05-20,5.113436819554681463791529114,blockchain.info-x-ecb
2011-05-21,4.902718269298307227646273794,blockchain.info-x-ecb
2011-05-22,4.642832057315445669733792232,blockchain.info-x-ecb
2011-05-23,4.857346647646219686162624822,blockchain.info-x-ecb
2011-05-24,5.245226772659521612605578820,blockchain.info-x-ecb
2011-05-25,5.167389295614471533158006966,blockchain.info-x-ecb
2011-05-26,5.611236589497459062676453981,blockchain.info-x-ecb
2011-05-27,6.470382053978268489309498773,blockchain.info-x-ecb
2011-05-28,6.225026288117770767613038906,blockchain.info-x-ecb
2011-05-29,6.084822993340343498072204697,blockchain.info-x-ecb
2011-05-30,6.039798206278026905829596413,blockchain.info-x-ecb
2011-05-31,6.339937434827945776850886340,blockchain.info-x-ecb
2011-06-01,6.572737368128817323709050527,blockchain.info-x-ecb
2011-06-02,6.687413554633471645919778700,blockchain.info-x-ecb
2011-06-03,7.909994478188845941468801767,blockchain.info-x-ecb
2011-06-04,10.38790723357261181667586969,blockchain.info-x-ecb
2011-06-05,12.27912755383765875207067918,blockchain.info-x-ecb
2011-06-06,13.05152096464784872567826802,blockchain.info-x-ecb
2011-06-07,13.09718809718809718809718810,blockchain.info-x-ecb
2011-06-08,15.15607886089813800657174151,blockchain.info-x-ecb
2011-06-09,21.76679895990146434925413987,blockchain.info-x-ecb
2011-06-10,22.32500345160844953748446776,blockchain.info-x-ecb
2011-06-11,23.33287311887339500207096507,blockchain.info-x-ecb
2011-06-12,19.88126466933591053430898799,blockchain.info-x-ecb
2011-06-13,17.32618085551065904974223213,blockchain.info-x-ecb
2011-06-14,16.37596899224806201550387597,blockchain.info-x-ecb
2011-06-15,14.51861181080324657150853624,blockchain.info-x-ecb
2011-06-16,14.18938103350369108461101647,blockchain.info-x-ecb
2011-06-17,13.88927820602662929222144359,blockchain.info-x-ecb
2011-06-18,13.22354590049053959355290820,blockchain.info-x-ecb
2011-06-19,12.33356692361597757533286615,blockchain.info-x-ecb
2011-06-20,13.00316122233930453108535300,blockchain.info-x-ecb
2011-06-21,11.76511514645515897864050651,blockchain.info-x-ecb
2011-06-22,10.68972702646384663471556574,blockchain.info-x-ecb
2011-06-23,10.75147762454264002251618351,blockchain.info-x-ecb
2011-06-24,11.37834036568213783403656821,blockchain.info-x-ecb
2011-06-25,11.91983122362869198312236287,blockchain.info-x-ecb
2011-06-26,12.36286919831223628691983122,blockchain.info-x-ecb
2011-06-27,12.41112284406898979232664555,blockchain.info-x-ecb
2011-06-28,12.54470233503961854007432859,blockchain.info-x-ecb
2011-06-29,12.11091854419410745233968804,blockchain.info-x-ecb
2011-06-30,12.00442814640559053483705805,blockchain.info-x-ecb
2011-07-01,11.99613473219215902816123689,blockchain.info-x-ecb
2011-07-02,11.65102153506350082827167311,blockchain.info-x-ecb
2011-07-03,11.25069022639425731639977913,blockchain.info-x-ecb
2011-07-04,10.85517241379310344827586207,blockchain.info-x-ecb
2011-07-05,10.82221146532051725330198465,blockchain.info-x-ecb
2011-07-06,10.72775527308283279787679844,blockchain.info-x-ecb
2011-07-07,11.53927142556327647925879132,blockchain.info-x-ecb
2011-07-08,11.30459205167813509338576043,blockchain.info-x-ecb
2011-07-09,10.87628142114871506810841174,blockchain.info-x-ecb
2011-07-10,10.64457239151804521836820671,blockchain.info-x-ecb
2011-07-11,11.07000569151963574274331246,blockchain.info-x-ecb
2011-07-12,10.78354203935599284436493739,blockchain.info-x-ecb
2011-07-13,10.31762950330419953101684076,blockchain.info-x-ecb
2011-07-14,9.956344176876496268131249120,blockchain.info-x-ecb
2011-07-15,10.00282765446062491163579811,blockchain.info-x-ecb
2011-07-16,10.07351901597624770253075074,blockchain.info-x-ecb
2011-07-17,9.946274565248126678919835996,blockchain.info-x-ecb
2011-07-18,9.896760412958348166607333571,blockchain.info-x-ecb
2011-07-19,9.837570621468926553672316384,blockchain.info-x-ecb
2011-07-20,10.23439149714929260223833322,blockchain.info-x-ecb
2011-07-21,9.857966530727042610040781887,blockchain.info-x-ecb
2011-07-22,9.686609686609686609686609687,blockchain.info-x-ecb
2011-07-23,9.679660899173094295045514558,blockchain.info-x-ecb
2011-07-24,9.679660899173094295045514558,blockchain.info-x-ecb
2011-07-25,9.847009735744089012517385257,blockchain.info-x-ecb
2011-07-26,10.13060603966553797249671757,blockchain.info-x-ecb
2011-07-27,9.926623286722968295721999169,blockchain.info-x-ecb
2011-07-28,9.887798036465638148667601683,blockchain.info-x-ecb
2011-07-29,9.782608695652173913043478261,blockchain.info-x-ecb
2011-07-30,9.677419354838709677419354839,blockchain.info-x-ecb
2011-07-31,9.859747545582047685834502104,blockchain.info-x-ecb
2011-08-01,10.11446409989594172736732570,blockchain.info-x-ecb
2011-08-02,9.548341566690190543401552576,blockchain.info-x-ecb
2011-08-03,9.349650349650349650349650350,blockchain.info-x-ecb
2011-08-04,8.932461873638344226579520697,blockchain.info-x-ecb
2011-08-05,8.124337689862239491345814200,blockchain.info-x-ecb
2011-08-06,8.067820558106676086188625927,blockchain.info-x-ecb
2011-08-07,7.566231013776050865418580007,blockchain.info-x-ecb
2011-08-08,6.734622144112478031634446397,blockchain.info-x-ecb
2011-08-09,6.770869839489731548328310086,blockchain.info-x-ecb
2011-08-10,8.185424932136145333054917519,blockchain.info-x-ecb
2011-08-11,7.530226967404369652831789578,blockchain.info-x-ecb
2011-08-12,7.263157894736842105263157895,blockchain.info-x-ecb
2011-08-13,6.968421052631578947368421053,blockchain.info-x-ecb
2011-08-14,7.256140350877192982456140351,blockchain.info-x-ecb
2011-08-15,7.967013767558879027185687330,blockchain.info-x-ecb
2011-08-16,8.196378830083565459610027855,blockchain.info-x-ecb
2011-08-17,7.846929612488775298749740968,blockchain.info-x-ecb
2011-08-18,7.926786832764980165634351729,blockchain.info-x-ecb
2011-08-19,8.133472367049009384775808133,blockchain.info-x-ecb
2011-08-20,8.209940910670837678136948210,blockchain.info-x-ecb
2011-08-21,8.168230795968022245394508168,blockchain.info-x-ecb
2011-08-22,8.027475196003607854020675779,blockchain.info-x-ecb
2011-08-23,7.951873876365647904854100401,blockchain.info-x-ecb
2011-08-24,7.947065752095891360077599945,blockchain.info-x-ecb
2011-08-25,7.834165280088740987243483084,blockchain.info-x-ecb
2011-08-26,7.505901958061380363838355784,blockchain.info-x-ecb
2011-08-27,6.950423552284404943757811415,blockchain.info-x-ecb
2011-08-28,6.388001666435217330926260242,blockchain.info-x-ecb
2011-08-29,6.543797887761441292193000621,blockchain.info-x-ecb
2011-08-30,6.526871267879461185946396334,blockchain.info-x-ecb
2011-08-31,6.304498269896193771626297578,blockchain.info-x-ecb
2011-09-01,6.209310465523276163808190410,blockchain.info-x-ecb
2011-09-02,5.934759733426867765696246931,blockchain.info-x-ecb
2011-09-03,5.997895475271834444054717643,blockchain.info-x-ecb
2011-09-04,6.096106629252893721501227639,blockchain.info-x-ecb
2011-09-05,6.059747982443720798527537873,blockchain.info-x-ecb
2011-09-06,5.865664231505780551812185261,blockchain.info-x-ecb
2011-09-07,5.443146195497292675976061556,blockchain.info-x-ecb
2011-09-08,5.361720307604671033893477642,blockchain.info-x-ecb
2011-09-09,5.232684374321488022001881740,blockchain.info-x-ecb
2011-09-10,4.892523702685098067597886661,blockchain.info-x-ecb
2011-09-11,4.697112253021640008684953318,blockchain.info-x-ecb
2011-09-12,5.360281195079086115992970123,blockchain.info-x-ecb
2011-09-13,5.042139978013924514474166361,blockchain.info-x-ecb
2011-09-14,4.508704202782431349697720154,blockchain.info-x-ecb
2011-09-15,4.291409931134469010511054730,blockchain.info-x-ecb
2011-09-16,4.055232558139534883720930233,blockchain.info-x-ecb
2011-09-17,3.764534883720930232558139535,blockchain.info-x-ecb
2011-09-18,3.648255813953488372093023256,blockchain.info-x-ecb
2011-09-19,3.768052195586833809837988417,blockchain.info-x-ecb
2011-09-20,4.296134208606856309263311451,blockchain.info-x-ecb
2011-09-21,4.891463772367263127016720446,blockchain.info-x-ecb
2011-09-22,4.595478881618084473527662106,blockchain.info-x-ecb
2011-09-23,4.318689501116902457185405808,blockchain.info-x-ecb
2011-09-24,4.244229337304542069992553984,blockchain.info-x-ecb
2011-09-25,4.184661206254653760238272524,blockchain.info-x-ecb
2011-09-26,4.066666666666666666666666667,blockchain.info-x-ecb
2011-09-27,3.962000147286250828485160910,blockchain.info-x-ecb
2011-09-28,3.741471645513902134839703617,blockchain.info-x-ecb
2011-09-29,3.635695923613661402864487697,blockchain.info-x-ecb
2011-09-30,3.658446271198992816411167889,blockchain.info-x-ecb
2011-10-01,3.954676738502554987780493224,blockchain.info-x-ecb
2011-10-02,3.902836406724431607790861290,blockchain.info-x-ecb
2011-10-03,3.856831995197718916485330532,blockchain.info-x-ecb
2011-10-04,3.838858963659813367726272665,blockchain.info-x-ecb
2011-10-05,3.771462847716877858588888056,blockchain.info-x-ecb
2011-10-06,3.768181475619865852739467933,blockchain.info-x-ecb
2011-10-07,3.654905463748697335119845169,blockchain.info-x-ecb
2011-10-08,3.565579871966651779068036326,blockchain.info-x-ecb
2011-10-09,3.379484889087390203960101236,blockchain.info-x-ecb
2011-10-10,3.207533289192966968292503494,blockchain.info-x-ecb
2011-10-11,3.108694054530756228411846844,blockchain.info-x-ecb
2011-10-12,3.021938108382972541043149789,blockchain.info-x-ecb
2011-10-13,3.103372914693669410650542726,blockchain.info-x-ecb
2011-10-14,3.165061200840153545303107120,blockchain.info-x-ecb
2011-10-15,2.969508220467878612298109655,blockchain.info-x-ecb
2011-10-16,2.904323893677120301296443833,blockchain.info-x-ecb
2011-10-17,2.809233449477351916376306620,blockchain.info-x-ecb
2011-10-18,2.595788242176074875694647558,blockchain.info-x-ecb
2011-10-19,2.053803876193231125253109633,blockchain.info-x-ecb
2011-10-20,1.875860070978489172159049757,blockchain.info-x-ecb
2011-10-21,1.804609363675895057254674591,blockchain.info-x-ecb
2011-10-22,2.072764168720104362951152341,blockchain.info-x-ecb
2011-10-23,2.398898391071169734744165821,blockchain.info-x-ecb
2011-10-24,2.396073903002309468822170901,blockchain.info-x-ecb
2011-10-25,2.270441155338410691191263113,blockchain.info-x-ecb
2011-10-26,2.154089179292022689739355209,blockchain.info-x-ecb
2011-10-27,2.080068385809944436529420145,blockchain.info-x-ecb
2011-10-28,2.189265536723163841807909605,blockchain.info-x-ecb
2011-10-29,2.394067796610169491525423729,blockchain.info-x-ecb
2011-10-30,2.669491525423728813559322034,blockchain.info-x-ecb
2011-10-31,2.564102564102564102564102564,blockchain.info-x-ecb
2011-11-01,2.480369853966390254641520511,blockchain.info-x-ecb
2011-11-02,2.440437395901223839524947498,blockchain.info-x-ecb
2011-11-03,2.475858563856821317069628984,blockchain.info-x-ecb
2011-11-04,2.381470993973716692078704712,blockchain.info-x-ecb
2011-11-05,2.337907500181514557467508894,blockchain.info-x-ecb
2011-11-06,2.301604588688012778624845713,blockchain.info-x-ecb
2011-11-07,2.212196186872362101586377529,blockchain.info-x-ecb
2011-11-08,2.226573832317957644328401509,blockchain.info-x-ecb
2011-11-09,2.339910511259443996185725812,blockchain.info-x-ecb
2011-11-10,2.269388954171562867215041128,blockchain.info-x-ecb
2011-11-11,2.197802197802197802197802198,blockchain.info-x-ecb
2011-11-12,2.219780219780219780219780220,blockchain.info-x-ecb
2011-11-13,2.278388278388278388278388278,blockchain.info-x-ecb
2011-11-14,2.254923493667179149278863753,blockchain.info-x-ecb
2011-11-15,2.180017735737511084835944428,blockchain.info-x-ecb
2011-11-16,1.980124592109166419460100860,blockchain.info-x-ecb
2011-11-17,1.928783382789317507418397626,blockchain.info-x-ecb
2011-11-18,1.878314672952268709487330583,blockchain.info-x-ecb
2011-11-19,1.745727754861520329994107248,blockchain.info-x-ecb
2011-11-20,1.730995875073659398939304655,blockchain.info-x-ecb
2011-11-21,1.820478525783920344776341210,blockchain.info-x-ecb
2011-11-22,1.699298115995567048393055042,blockchain.info-x-ecb
2011-11-23,1.762904310151639650407111377,blockchain.info-x-ecb
2011-11-24,1.794660883870485306214013310,blockchain.info-x-ecb
2011-11-25,1.874669287172121853503666188,blockchain.info-x-ecb
2011-11-26,1.927583339632625292917076121,blockchain.info-x-ecb
2011-11-27,1.904905888578123818882757578,blockchain.info-x-ecb
2011-11-28,1.880431525322145639796224153,blockchain.info-x-ecb
2011-11-29,1.979604079184163167366526695,blockchain.info-x-ecb
2011-11-30,2.220897302131465196005365926,blockchain.info-x-ecb
2011-12-01,2.223539875481766973021049511,blockchain.info-x-ecb
2011-12-02,2.324032270002220412996817408,blockchain.info-x-ecb
2011-12-03,2.324032270002220412996817408,blockchain.info-x-ecb
2011-12-04,2.294426763377988305824883428,blockchain.info-x-ecb
2011-12-05,2.216932004166046719238208600,blockchain.info-x-ecb
2011-12-06,2.209944751381215469613259669,blockchain.info-x-ecb
2011-12-07,2.287508409957389549226283920,blockchain.info-x-ecb
2011-12-08,2.304250559284116331096196868,blockchain.info-x-ecb
2011-12-09,2.308726838015540944411237298,blockchain.info-x-ecb
2011-12-10,2.271368798565451285116557083,blockchain.info-x-ecb
2011-12-11,2.331141661685594739988045427,blockchain.info-x-ecb
2011-12-12,2.543204286468945739944155158,blockchain.info-x-ecb
2011-12-13,2.526363705333434489037250588,blockchain.info-x-ecb
2011-12-14,2.532132686831370738089740630,blockchain.info-x-ecb
2011-12-15,2.504032567785544204624011061,blockchain.info-x-ecb
2011-12-16,2.449479485609308022045315370,blockchain.info-x-ecb
2011-12-17,2.472443355786895284751990202,blockchain.info-x-ecb
2011-12-18,2.472443355786895284751990202,blockchain.info-x-ecb
2011-12-19,2.576884730424112278548968479,blockchain.info-x-ecb
2011-12-20,2.975370965274590790882667890,blockchain.info-x-ecb
2011-12-21,3.378274858280986670752259844,blockchain.info-x-ecb
2011-12-22,3.127155667969648194987353415,blockchain.info-x-ecb
2011-12-23,3.048173393581986673814811978,blockchain.info-x-ecb
2011-12-24,3.025197212223328482806157617,blockchain.info-x-ecb
2011-12-25,3.109443210538408516504556943,blockchain.info-x-ecb
2011-12-26,3.346863751244543156927318680,blockchain.info-x-ecb
2011-12-27,3.251970311423980411661182952,blockchain.info-x-ecb
2011-12-28,3.128346336239865381673550558,blockchain.info-x-ecb
2011-12-29,3.274109705950810768872682132,blockchain.info-x-ecb
2011-12-30,3.338743334106190586598655228,blockchain.info-x-ecb
2011-12-31,3.454671922095988870855552979,blockchain.info-x-ecb
2012-01-01,3.895200556457222351031764433,blockchain.info-x-ecb
2012-01-02,4.074217240046385775028991109,blockchain.info-x-ecb
2012-01-03,4.187797756262486552942984478,blockchain.info-x-ecb
2012-01-04,4.147358665430954587581093605,blockchain.info-x-ecb
2012-01-05,4.519950124688279301745635910,blockchain.info-x-ecb
2012-01-06,5.165936130244207889793362555,blockchain.info-x-ecb
2012-01-07,5.612085159674389480275516594,blockchain.info-x-ecb
2012-01-08,5.525986224170319348778960551,blockchain.info-x-ecb
2012-01-09,5.656819610307982401005656820,blockchain.info-x-ecb
2012-01-10,5.566833229231730168644597127,blockchain.info-x-ecb
2012-01-11,5.464695706872149709073753735,blockchain.info-x-ecb
2012-01-12,5.574748743718592964824120603,blockchain.info-x-ecb
2012-01-13,5.449847310312426591496358938,blockchain.info-x-ecb
2012-01-14,5.348054185263487589068984418,blockchain.info-x-ecb
2012-01-15,5.332393704486727742541696030,blockchain.info-x-ecb
2012-01-16,5.556871102691609440366248323,blockchain.info-x-ecb
2012-01-17,5.582486317435496481626270524,blockchain.info-x-ecb
2012-01-18,5.432156495986283220325773517,blockchain.info-x-ecb
2012-01-19,5.259081403454418712725582836,blockchain.info-x-ecb
2012-01-20,4.937219035808401798170826228,blockchain.info-x-ecb
2012-01-21,5.092233762207409703921872578,blockchain.info-x-ecb
2012-01-22,5.045729344287707332196558673,blockchain.info-x-ecb
2012-01-23,4.924329722670354152262426058,blockchain.info-x-ecb
2012-01-24,4.975774821195108821041298162,blockchain.info-x-ecb
2012-01-25,5.022407664966774841600989028,blockchain.info-x-ecb
2012-01-26,4.861163940661848611639406618,blockchain.info-x-ecb
2012-01-27,4.625332826169646253328261696,blockchain.info-x-ecb
2012-01-28,4.336249524534043362495245340,blockchain.info-x-ecb
2012-01-29,4.374286801065043742868010650,blockchain.info-x-ecb
2012-01-30,4.363081617086193745232646834,blockchain.info-x-ecb
2012-01-31,4.257741347905282331511839709,blockchain.info-x-ecb
2012-02-01,4.288425047438330170777988615,blockchain.info-x-ecb
2012-02-02,4.406598442034519627310218421,blockchain.info-x-ecb
2012-02-03,4.703647416413373860182370821,blockchain.info-x-ecb
2012-02-04,4.642857142857142857142857143,blockchain.info-x-ecb
2012-02-05,4.551671732522796352583586626,blockchain.info-x-ecb
2012-02-06,4.539181107192148443490262230,blockchain.info-x-ecb
2012-02-07,4.400213528559444825745443453,blockchain.info-x-ecb
2012-02-08,4.324242880819647431068253729,blockchain.info-x-ecb
2012-02-09,4.394942805538832028898254064,blockchain.info-x-ecb
2012-02-10,4.420350291909924937447873228,blockchain.info-x-ecb
2012-02-11,4.503753127606338615512927440,blockchain.info-x-ecb
2012-02-12,4.518917279551141102433846387,blockchain.info-x-ecb
2012-02-13,4.391127206880941602535083748,blockchain.info-x-ecb
2012-02-14,4.320753284228111473916014883,blockchain.info-x-ecb
2012-02-15,4.147571035747021081576535289,blockchain.info-x-ecb
2012-02-16,3.728239100292712987213064243,blockchain.info-x-ecb
2012-02-17,3.602097423816399422448514325,blockchain.info-x-ecb
2012-02-18,3.571699977201915039136712516,blockchain.info-x-ecb
2012-02-19,3.389315297515008739265901664,blockchain.info-x-ecb
2012-02-20,3.301673450927182270465852555,blockchain.info-x-ecb
2012-02-21,3.403418544849493268794433520,blockchain.info-x-ecb
2012-02-22,3.371126228269085411942554800,blockchain.info-x-ecb
2012-02-23,3.481203007518796992481203008,blockchain.info-x-ecb
2012-02-24,3.720548762302415747092156278,blockchain.info-x-ecb
2012-02-25,3.854756934088875633760811214,blockchain.info-x-ecb
2012-02-26,3.765284819564569042648374590,blockchain.info-x-ecb
2012-02-27,3.749626531221989841649238124,blockchain.info-x-ecb
2012-02-28,3.775828749814181656013081611,blockchain.info-x-ecb
2012-02-29,3.704530238785985271144833742,blockchain.info-x-ecb
2012-03-01,3.695913461538461538461538462,blockchain.info-x-ecb
2012-03-02,3.775440720284482106378149353,blockchain.info-x-ecb
2012-03-03,3.737610652946962245592797155,blockchain.info-x-ecb
2012-03-04,3.639252477869410607550881441,blockchain.info-x-ecb
2012-03-05,3.729198184568835098335854766,blockchain.info-x-ecb
2012-03-06,3.831825439063331559340074508,blockchain.info-x-ecb
2012-03-07,3.849085365853658536585365854,blockchain.info-x-ecb
2012-03-08,3.813623319740220510496903791,blockchain.info-x-ecb
2012-03-09,3.782882268213175650064437874,blockchain.info-x-ecb
2012-03-10,3.752558562656356606777348192,blockchain.info-x-ecb
2012-03-11,3.752558562656356606777348192,blockchain.info-x-ecb
2012-03-12,3.796021038188886348044820489,blockchain.info-x-ecb
2012-03-13,3.882974649613234280462587118,blockchain.info-x-ecb
2012-03-14,4.149441126933088347879344664,blockchain.info-x-ecb
2012-03-15,4.174006280156238033238875699,blockchain.info-x-ecb
2012-03-16,4.147605977432143946325099116,blockchain.info-x-ecb
2012-03-17,4.117108874656907593778591034,blockchain.info-x-ecb
2012-03-18,4.117108874656907593778591034,blockchain.info-x-ecb
2012-03-19,4.076045627376425855513307985,blockchain.info-x-ecb
2012-03-20,3.962721624488558872556447947,blockchain.info-x-ecb
2012-03-21,3.742911153119092627599243856,blockchain.info-x-ecb
2012-03-22,3.698640540745803903698640541,blockchain.info-x-ecb
2012-03-23,3.677692191511856215073251775,blockchain.info-x-ecb
2012-03-24,3.632381815435734783265367769,blockchain.info-x-ecb
2012-03-25,3.571967980667572874188189095,blockchain.info-x-ecb
2012-03-26,3.540222958722506779150346490,blockchain.info-x-ecb
2012-03-27,3.555088877221930548263706593,blockchain.info-x-ecb
2012-03-28,3.576516457974057134288070781,blockchain.info-x-ecb
2012-03-29,3.654309825195901145268233876,blockchain.info-x-ecb
2012-03-30,3.631326744534291704103024858,blockchain.info-x-ecb
2012-03-31,3.638814016172506738544474394,blockchain.info-x-ecb
2012-04-01,3.698712189278227014076070680,blockchain.info-x-ecb
2012-04-02,3.731511374727832419851340191,blockchain.info-x-ecb
2012-04-03,3.800225309800976342470897484,blockchain.info-x-ecb
2012-04-04,3.804595951909907167858773398,blockchain.info-x-ecb
2012-04-05,3.795531068258340985613712886,blockchain.info-x-ecb
2012-04-06,3.787878787878787878787878788,blockchain.info-x-ecb
2012-04-07,3.795531068258340985613712886,blockchain.info-x-ecb
2012-04-08,3.780226507499234771962044689,blockchain.info-x-ecb
2012-04-09,3.673094582185491276400367309,blockchain.info-x-ecb
2012-04-10,3.675461339026994052157999085,blockchain.info-x-ecb
2012-04-11,3.731627446500647323128474602,blockchain.info-x-ecb
2012-04-12,3.732988671785904356420588459,blockchain.info-x-ecb
2012-04-13,3.780042592029205962884088835,blockchain.info-x-ecb
2012-04-14,3.780042592029205962884088835,blockchain.info-x-ecb
2012-04-15,3.818071189534529966534834195,blockchain.info-x-ecb
2012-04-16,3.823710073710073710073710074,blockchain.info-x-ecb
2012-04-17,3.799878160219311605239110570,blockchain.info-x-ecb
2012-04-18,3.864660505613686702818299855,blockchain.info-x-ecb
2012-04-19,3.958428855265168882775485251,blockchain.info-x-ecb
2012-04-20,3.934202546998180715585203153,blockchain.info-x-ecb
2012-04-21,3.972104305639781685870224378,blockchain.info-x-ecb
2012-04-22,4.123711340206185567010309278,blockchain.info-x-ecb
2012-04-23,4.036250095194577716853248039,blockchain.info-x-ecb
2012-04-24,3.958665754881847883899399742,blockchain.info-x-ecb
2012-04-25,3.930031803725579282144479782,blockchain.info-x-ecb
2012-04-26,3.904653802497162315550510783,blockchain.info-x-ecb
2012-04-27,3.908080731725754025247562174,blockchain.info-x-ecb
2012-04-28,3.877844130319752059868470784,blockchain.info-x-ecb
2012-04-29,3.847607528913750094489379394,blockchain.info-x-ecb
2012-04-30,3.791433328288179203874678371,blockchain.info-x-ecb
2012-05-01,3.783865597093991221431814742,blockchain.info-x-ecb
2012-05-02,3.838245373543522960932145305,blockchain.info-x-ecb
2012-05-03,3.947268155147451040158500343,blockchain.info-x-ecb
2012-05-04,3.944562899786780383795309168,blockchain.info-x-ecb
2012-05-05,3.921717940907706366128540969,blockchain.info-x-ecb
2012-05-06,3.914102954614681693572951569,blockchain.info-x-ecb
2012-05-07,3.913143558658789227345967928,blockchain.info-x-ecb
2012-05-08,3.915547024952015355086372361,blockchain.info-x-ecb
2012-05-09,3.938223938223938223938223938,blockchain.info-x-ecb
2012-05-10,3.934881567780263868528662912,blockchain.info-x-ecb
2012-05-11,3.940049443757725587144622991,blockchain.info-x-ecb
2012-05-12,3.878244746600741656365883807,blockchain.info-x-ecb
2012-05-13,3.862793572311495673671199011,blockchain.info-x-ecb
2012-05-14,3.894892326828889061649692918,blockchain.info-x-ecb
2012-05-15,3.932103091178073658802460484,blockchain.info-x-ecb
2012-05-16,3.995917726487674674203171612,blockchain.info-x-ecb
2012-05-17,4.021447721179624664879356568,blockchain.info-x-ecb
2012-05-18,4.032701831617011241254618348,blockchain.info-x-ecb
2012-05-19,4.032701831617011241254618348,blockchain.info-x-ecb
2012-05-20,4.040562848832638943479286220,blockchain.info-x-ecb
2012-05-21,4.039215686274509803921568627,blockchain.info-x-ecb
2012-05-22,4.025689223057644110275689223,blockchain.info-x-ecb
2012-05-23,4.052452800379176870210917134,blockchain.info-x-ecb
2012-05-24,4.125189137532850203073982639,blockchain.info-x-ecb
2012-05-25,4.152717997768212976247409533,blockchain.info-x-ecb
2012-05-26,4.104893990116371751952813646,blockchain.info-x-ecb
2012-05-27,4.104893990116371751952813646,blockchain.info-x-ecb
2012-05-28,4.098360655737704918032786885,blockchain.info-x-ecb
2012-05-29,4.120418430088636908089116027,blockchain.info-x-ecb
2012-05-30,4.148576941630487216594307767,blockchain.info-x-ecb
2012-05-31,4.176408933322583245988873660,blockchain.info-x-ecb
2012-06-01,4.228209706216523291673429638,blockchain.info-x-ecb
2012-06-02,4.276903100146080181788670670,blockchain.info-x-ecb
2012-06-03,4.285018665801006330141210842,blockchain.info-x-ecb
2012-06-04,4.237356275629171021950631181,blockchain.info-x-ecb
2012-06-05,4.288357872717032745997264462,blockchain.info-x-ecb
2012-06-06,4.397276732078494193031637966,blockchain.info-x-ecb
2012-06-07,4.350932909884874950377133783,blockchain.info-x-ecb
2012-06-08,4.459416105229387231312159127,blockchain.info-x-ecb
2012-06-09,4.547641963426371511068334937,blockchain.info-x-ecb
2012-06-10,4.555662495989733718318896375,blockchain.info-x-ecb
2012-06-11,4.464285714285714285714285714,blockchain.info-x-ecb
2012-06-12,4.466858789625360230547550432,blockchain.info-x-ecb
2012-06-13,4.595500239348970799425562470,blockchain.info-x-ecb
2012-06-14,4.748625607521313042785435423,blockchain.info-x-ecb
2012-06-15,4.763416957764369641155922515,blockchain.info-x-ecb
2012-06-16,4.977770720863766275007939028,blockchain.info-x-ecb
2012-06-17,5.223880597014925373134328358,blockchain.info-x-ecb
2012-06-18,5.159296243461721350451735616,blockchain.info-x-ecb
2012-06-19,5.135113717410254378318408749,blockchain.info-x-ecb
2012-06-20,5.163727959697732997481108312,blockchain.info-x-ecb
2012-06-21,5.280189423835832675611681137,blockchain.info-x-ecb
2012-06-22,5.423079990429858840417896164,blockchain.info-x-ecb
2012-06-23,5.391179519897918494297790892,blockchain.info-x-ecb
2012-06-24,5.295478108302097455937475078,blockchain.info-x-ecb
2012-06-25,5.253042921204356181934657271,blockchain.info-x-ecb
2012-06-26,5.170340681362725450901803607,blockchain.info-x-ecb
2012-06-27,5.193139926270235614681840038,blockchain.info-x-ecb
2012-06-28,5.298759864712514092446448703,blockchain.info-x-ecb
2012-06-29,5.297855440826052422557585385,blockchain.info-x-ecb
2012-06-30,5.297855440826052422557585385,blockchain.info-x-ecb
2012-07-01,5.313741064336775218427323272,blockchain.info-x-ecb
2012-07-02,5.328357023743349479869768919,blockchain.info-x-ecb
2012-07-03,5.367793240556660039761431412,blockchain.info-x-ecb
2012-07-04,5.342356687898089171974522293,blockchain.info-x-ecb
2012-07-05,5.311443746982134234669241912,blockchain.info-x-ecb
2012-07-06,5.461743556596913630120384584,blockchain.info-x-ecb
2012-07-07,5.445584551991597317605235517,blockchain.info-x-ecb
2012-07-08,5.477902561202229942635533651,blockchain.info-x-ecb
2012-07-09,5.596681037989099487513218905,blockchain.info-x-ecb
2012-07-10,5.681725681725681725681725682,blockchain.info-x-ecb
2012-07-11,5.905383360522022838499184339,blockchain.info-x-ecb
2012-07-12,5.969781573328953851207094761,blockchain.info-x-ecb
2012-07-13,6.122281493639720968403775133,blockchain.info-x-ecb
2012-07-14,6.442347148132950348789495281,blockchain.info-x-ecb
2012-07-15,6.302831350020517029134181371,blockchain.info-x-ecb
2012-07-16,6.405518600640551860064055186,blockchain.info-x-ecb
2012-07-17,6.986401758814428792443612084,blockchain.info-x-ecb
2012-07-18,7.740722576426352787314042831,blockchain.info-x-ecb
2012-07-19,7.625946121917473752746805567,blockchain.info-x-ecb
2012-07-20,7.598360655737704918032786885,blockchain.info-x-ecb
2012-07-21,7.663934426229508196721311475,blockchain.info-x-ecb
2012-07-22,7.811475409836065573770491803,blockchain.info-x-ecb
2012-07-23,7.476249483684427922346137960,blockchain.info-x-ecb
2012-07-24,7.560592273968070146414095459,blockchain.info-x-ecb
2012-07-25,7.343003131696060656007911653,blockchain.info-x-ecb
2012-07-26,7.177814029363784665579119086,blockchain.info-x-ecb
2012-07-27,7.233904359827880165624746286,blockchain.info-x-ecb
2012-07-28,7.266379800276041243809369165,blockchain.info-x-ecb
2012-07-29,7.242023219939920435170902005,blockchain.info-x-ecb
2012-07-30,7.308508900865588763677935652,blockchain.info-x-ecb
2012-07-31,7.505698469553891240638228590,blockchain.info-x-ecb
2012-08-01,7.692307692307692307692307692,blockchain.info-x-ecb
2012-08-02,7.775797829256439332577352989,blockchain.info-x-ecb
2012-08-03,8.264597795018374846876276031,blockchain.info-x-ecb
2012-08-04,9.113924050632911392405063291,blockchain.info-x-ecb
2012-08-05,9.203756635361371988566761944,blockchain.info-x-ecb
2012-08-06,9.055658776960982308748687293,blockchain.info-x-ecb
2012-08-07,9.030234802187198456095207462,blockchain.info-x-ecb
2012-08-08,8.973735408560311284046692607,blockchain.info-x-ecb
2012-08-09,9.226892122591659214697992033,blockchain.info-x-ecb
2012-08-10,9.704778992007829065405317240,blockchain.info-x-ecb
2012-08-11,9.460120698091665307453922688,blockchain.info-x-ecb
2012-08-12,9.492741803947153808514108628,blockchain.info-x-ecb
2012-08-13,9.555069292487235594456601021,blockchain.info-x-ecb
2012-08-14,9.666450777202072538860103627,blockchain.info-x-ecb
2012-08-15,10.01955034213098729227761486,blockchain.info-x-ecb
2012-08-16,10.54646143822786871895105465,blockchain.info-x-ecb
2012-08-17,11.51819729269676582637594229,blockchain.info-x-ecb
2012-08-18,12.45845829618221609791683554,blockchain.info-x-ecb
2012-08-19,11.73705114695631028613115020,blockchain.info-x-ecb
2012-08-20,9.463414634146341463414634146,blockchain.info-x-ecb
2012-08-21,8.408432571612487930479562279,blockchain.info-x-ecb
2012-08-22,8.266388174807197943444730077,blockchain.info-x-ecb
2012-08-23,8.173996175908221797323135755,blockchain.info-x-ecb
2012-08-24,8.195410570080754777324698169,blockchain.info-x-ecb
2012-08-25,8.195410570080754777324698169,blockchain.info-x-ecb
2012-08-26,8.491244902854401535140321420,blockchain.info-x-ecb
2012-08-27,8.770949720670391061452513966,blockchain.info-x-ecb
2012-08-28,9.539368823716927000318775901,blockchain.info-x-ecb
2012-08-29,9.039457951375049820645675568,blockchain.info-x-ecb
2012-08-30,8.880739795918367346938775510,blockchain.info-x-ecb
2012-08-31,8.651177543414479422726191420,blockchain.info-x-ecb
2012-09-01,8.516374593608754262152089446,blockchain.info-x-ecb
2012-09-02,8.215050352866545079692332091,blockchain.info-x-ecb
2012-09-03,8.163590070019096117122851687,blockchain.info-x-ecb
2012-09-04,8.363144924079815565625248430,blockchain.info-x-ecb
2012-09-05,8.419462553665129591349976149,blockchain.info-x-ecb
2012-09-06,8.482354802975154296565912328,blockchain.info-x-ecb
2012-09-07,8.814733196914843381079804817,blockchain.info-x-ecb
2012-09-08,8.869825279395561152211553597,blockchain.info-x-ecb
2012-09-09,8.806862899417597985203840705,blockchain.info-x-ecb
2012-09-10,8.719474013775829680651221039,blockchain.info-x-ecb
2012-09-11,8.711973097677328536795182607,blockchain.info-x-ecb
2012-09-12,8.715880893300248138957816377,blockchain.info-x-ecb
2012-09-13,8.814872192099147947327652982,blockchain.info-x-ecb
2012-09-14,8.766704849179075983199694540,blockchain.info-x-ecb
2012-09-15,8.980526918671248568155784651,blockchain.info-x-ecb
2012-09-16,9.041618938526155021000381825,blockchain.info-x-ecb
2012-09-17,9.154821947119058535839828825,blockchain.info-x-ecb
2012-09-18,9.184924161176650834993105562,blockchain.info-x-ecb
2012-09-19,9.390862944162436548223350254,blockchain.info-x-ecb
2012-09-20,9.749884205650764242704955998,blockchain.info-x-ecb
2012-09-21,9.747459193101324299353249153,blockchain.info-x-ecb
2012-09-22,9.655066214967662457653218355,blockchain.info-x-ecb
2012-09-23,9.547274407145056975669849091,blockchain.info-x-ecb
2012-09-24,9.507587488386497367606069991,blockchain.info-x-ecb
2012-09-25,9.495824311784720074234457161,blockchain.info-x-ecb
2012-09-26,9.528999610743479953289217594,blockchain.info-x-ecb
2012-09-27,9.569675314587540779866397390,blockchain.info-x-ecb
2012-09-28,9.636504253673627223511214230,blockchain.info-x-ecb
2012-09-29,9.636504253673627223511214230,blockchain.info-x-ecb
2012-09-30,9.659706109822119102861562258,blockchain.info-x-ecb
2012-10-01,9.691698376951153218917449717,blockchain.info-x-ecb
2012-10-02,9.729311678267594740912606342,blockchain.info-x-ecb
2012-10-03,9.981401115933044017358958462,blockchain.info-x-ecb
2012-10-04,9.999227858852598254961006872,blockchain.info-x-ecb
2012-10-05,10.05229964620827564990001538,blockchain.info-x-ecb
2012-10-06,9.975388401784340870635286879,blockchain.info-x-ecb
2012-10-07,9.890786032918012613444085525,blockchain.info-x-ecb
2012-10-08,9.708288316098163296805062510,blockchain.info-x-ecb
2012-10-09,9.372346174631359530610669343,blockchain.info-x-ecb
2012-10-10,9.543021180851889207851656451,blockchain.info-x-ecb
2012-10-11,9.413221860969190277132683078,blockchain.info-x-ecb
2012-10-12,9.390902081727062451811873554,blockchain.info-x-ecb
2012-10-13,9.367771781033153430994602930,blockchain.info-x-ecb
2012-10-14,9.329221279876638396299151889,blockchain.info-x-ecb
2012-10-15,9.259116490632950427877573048,blockchain.info-x-ecb
2012-10-16,9.213552046604323164188256937,blockchain.info-x-ecb
2012-10-17,9.138719512195121951219512195,blockchain.info-x-ecb
2012-10-18,9.132489708797072724500686080,blockchain.info-x-ecb
2012-10-19,9.175297276563099347909474492,blockchain.info-x-ecb
2012-10-20,9.159953970080552359033371692,blockchain.info-x-ecb
2012-10-21,9.083237437667817414652857691,blockchain.info-x-ecb
2012-10-22,9.033147056571997244124626809,blockchain.info-x-ecb
2012-10-23,9.119569396386005382545174933,blockchain.info-x-ecb
2012-10-24,9.241230103538865708545819811,blockchain.info-x-ecb
2012-10-25,9.074116832140383283306395752,blockchain.info-x-ecb
2012-10-26,8.955686396033467616981716765,blockchain.info-x-ecb
2012-10-27,8.552835450883173225906414627,blockchain.info-x-ecb
2012-10-28,8.351409978308026030368763557,blockchain.info-x-ecb
2012-10-29,8.288106683206698712978756396,blockchain.info-x-ecb
2012-10-30,8.432340688165406573059713007,blockchain.info-x-ecb
2012-10-31,8.404525513738166705148926345,blockchain.info-x-ecb
2012-11-01,8.608863198458574181117533719,blockchain.info-x-ecb
2012-11-02,8.762645914396887159533073930,blockchain.info-x-ecb
2012-11-03,8.607003891050583657587548638,blockchain.info-x-ecb
2012-11-04,8.264591439688715953307392996,blockchain.info-x-ecb
2012-11-05,8.397902481020583861626359865,blockchain.info-x-ecb
2012-11-06,8.515625,blockchain.info-x-ecb
2012-11-07,8.606621685234583398713321826,blockchain.info-x-ecb
2012-11-08,8.786118090452261306532663317,blockchain.info-x-ecb
2012-11-09,8.736410902788719079880258390,blockchain.info-x-ecb
2012-11-10,8.697022215219788876634630534,blockchain.info-x-ecb
2012-11-11,8.626122577595714510792500394,blockchain.info-x-ecb
2012-11-12,8.637612877895563407930899097,blockchain.info-x-ecb
2012-11-13,8.798046628859483301827347196,blockchain.info-x-ecb
2012-11-14,8.730158730158730158730158730,blockchain.info-x-ecb
2012-11-15,8.678269049858889934148635936,blockchain.info-x-ecb
2012-11-16,8.850529619458611220086308356,blockchain.info-x-ecb
2012-11-17,9.258532757944291879168301295,blockchain.info-x-ecb
2012-11-18,9.266378972145939584150647313,blockchain.info-x-ecb
2012-11-19,9.261871180065820404325340856,blockchain.info-x-ecb
2012-11-20,9.220079631509095167460379421,blockchain.info-x-ecb
2012-11-21,9.238578680203045685279187817,blockchain.info-x-ecb
2012-11-22,9.229814628092763515085705422,blockchain.info-x-ecb
2012-11-23,9.543729181191416840963668758,blockchain.info-x-ecb
2012-11-24,9.628941048880625919900844372,blockchain.info-x-ecb
2012-11-25,9.652180649159501123247346812,blockchain.info-x-ecb
2012-11-26,9.726936130823819808701018204,blockchain.info-x-ecb
2012-11-27,9.736903016742535298202299205,blockchain.info-x-ecb
2012-11-28,9.696687611511907532386936622,blockchain.info-x-ecb
2012-11-29,9.581345236262890564876096660,blockchain.info-x-ecb
2012-11-30,9.710457415678422916987525027,blockchain.info-x-ecb
2012-12-01,9.748960418912675188664715848,blockchain.info-x-ecb
2012-12-02,9.772062220853226551671030340,blockchain.info-x-ecb
2012-12-03,9.711265987592862066324576855,blockchain.info-x-ecb
2012-12-04,9.738771769019248395967002750,blockchain.info-x-ecb
2012-12-05,10.01913509376195943360122465,blockchain.info-x-ecb
2012-12-06,10.36566707466340269277845777,blockchain.info-x-ecb
2012-12-07,10.60829135993800852382797365,blockchain.info-x-ecb
2012-12-08,10.57729562185199535063928710,blockchain.info-x-ecb
2012-12-09,10.49980627663696241766757071,blockchain.info-x-ecb
2012-12-10,10.46403712296983758700696056,blockchain.info-x-ecb
2012-12-11,10.44408527668744708689294235,blockchain.info-x-ecb
2012-12-12,10.46012269938650306748466258,blockchain.info-x-ecb
2012-12-13,10.55287910071117228722183987,blockchain.info-x-ecb
2012-12-14,10.56494151823255102820885253,blockchain.info-x-ecb
2012-12-15,10.60316489565017964987386285,blockchain.info-x-ecb
2012-12-16,10.51142878984787095787783809,blockchain.info-x-ecb
2012-12-17,10.35714285714285714285714286,blockchain.info-x-ecb
2012-12-18,10.22158142358476248292608894,blockchain.info-x-ecb
2012-12-19,10.07367313185987069613591941,blockchain.info-x-ecb
2012-12-20,10.17665710403140570738336101,blockchain.info-x-ecb
2012-12-21,10.37171625406919524566583390,blockchain.info-x-ecb
2012-12-22,10.31872208342796578090695738,blockchain.info-x-ecb
2012-12-23,10.26572791278673631614808085,blockchain.info-x-ecb
2012-12-24,10.19821455590860947193221365,blockchain.info-x-ecb
2012-12-25,10.17551823271296716598577697,blockchain.info-x-ecb
2012-12-26,10.16795279164775306400363141,blockchain.info-x-ecb
2012-12-27,10.11608623548922056384742952,blockchain.info-x-ecb
2012-12-28,10.24804672684517939770917090,blockchain.info-x-ecb
2012-12-29,10.35424410225290146400667526,blockchain.info-x-ecb
2012-12-30,10.35424410225290146400667526,blockchain.info-x-ecb
2012-12-31,10.28497802031226314991662877,blockchain.info-x-ecb
2013-01-01,10.29255722298014248901015613,blockchain.info-x-ecb
2013-01-02,10.19454079324385462222892475,blockchain.info-x-ecb
2013-01-03,10.24271103648297969775606778,blockchain.info-x-ecb
2013-01-04,10.35198278512142637565324316,blockchain.info-x-ecb
2013-01-05,10.37503842606824469720258223,blockchain.info-x-ecb
2013-01-06,10.40577928066400245926836766,blockchain.info-x-ecb
2013-01-07,10.37656261983280926451414986,blockchain.info-x-ecb
2013-01-08,10.40042793825462326150084059,blockchain.info-x-ecb
2013-01-09,10.60049019607843137254901961,blockchain.info-x-ecb
2013-01-10,10.66880195226111492412110120,blockchain.info-x-ecb
2013-01-11,10.78800662950128069911104415,blockchain.info-x-ecb
2013-01-12,10.78047310531866807292451409,blockchain.info-x-ecb
2013-01-13,10.80307367786650595148410426,blockchain.info-x-ecb
2013-01-14,10.72633235889363615920845514,blockchain.info-x-ecb
2013-01-15,10.76011105275005627673144744,blockchain.info-x-ecb
2013-01-16,10.94373729005046320704978534,blockchain.info-x-ecb
2013-01-17,11.11609814482345900658288450,blockchain.info-x-ecb
2013-01-18,11.65565896127289102371660162,blockchain.info-x-ecb
2013-01-19,11.97087961573101170819573702,blockchain.info-x-ecb
2013-01-20,11.89582707895526868808165716,blockchain.info-x-ecb
2013-01-21,12.12189446821286497035202282,blockchain.info-x-ecb
2013-01-22,12.86325749042577157017346249,blockchain.info-x-ecb
2013-01-23,13.19579894973743435858964741,blockchain.info-x-ecb
2013-01-24,13.46168252303543336579519065,blockchain.info-x-ecb
2013-01-25,14.18071126289999257554384141,blockchain.info-x-ecb
2013-01-26,13.76494171801915509688915287,blockchain.info-x-ecb
2013-01-27,13.14871185685648526245452521,blockchain.info-x-ecb
2013-01-28,13.47069324605772091639393038,blockchain.info-x-ecb
2013-01-29,13.97305144048239410407206134,blockchain.info-x-ecb
2013-01-30,14.60748836865814932427442582,blockchain.info-x-ecb
2013-01-31,14.84132841328413284132841328,blockchain.info-x-ecb
2013-02-01,15.68454998534154206977425975,blockchain.info-x-ecb
2013-02-02,15.57461155086484901788331867,blockchain.info-x-ecb
2013-02-03,15.39138082673702726473175022,blockchain.info-x-ecb
2013-02-04,15.32615112160566706021251476,blockchain.info-x-ecb
2013-02-05,15.50565117825219768043141021,blockchain.info-x-ecb
2013-02-06,15.47680698379818006954205815,blockchain.info-x-ecb
2013-02-07,15.89399084600620109257345342,blockchain.info-x-ecb
2013-02-08,16.56198594287423358755794826,blockchain.info-x-ecb
2013-02-09,17.49663526244952893674293405,blockchain.info-x-ecb
2013-02-10,17.81815462838343053686256916,blockchain.info-x-ecb
2013-02-11,17.90008214472406840415204242,blockchain.info-x-ecb
2013-02-12,18.34350349754427742223545170,blockchain.info-x-ecb
2013-02-13,18.65727002967359050445103858,blockchain.info-x-ecb
2013-02-14,18.23366098896976063630224357,blockchain.info-x-ecb
2013-02-15,20.41275797373358348968105066,blockchain.info-x-ecb
2013-02-16,20.46529080675422138836772983,blockchain.info-x-ecb
2013-02-17,20.55534709193245778611632270,blockchain.info-x-ecb
2013-02-18,20.15428400239664469742360695,blockchain.info-x-ecb
2013-02-19,20.21125177915948760206757060,blockchain.info-x-ecb
2013-02-20,22.04936424831712789827973074,blockchain.info-x-ecb
2013-02-21,22.59214318216290004550280601,blockchain.info-x-ecb
2013-02-22,22.56180797815865311694221144,blockchain.info-x-ecb
2013-02-23,23.14576065524040649173365691,blockchain.info-x-ecb
2013-02-24,22.59972698316396177764295465,blockchain.info-x-ecb
2013-02-25,22.45189416716776909200240529,blockchain.info-x-ecb
2013-02-26,23.24692207692895924141622696,blockchain.info-x-ecb
2013-02-27,23.82224937008475223333587845,blockchain.info-x-ecb
2013-02-28,23.81750323710869068474369716,blockchain.info-x-ecb
2013-03-01,25.66153846153846153846153846,blockchain.info-x-ecb
2013-03-02,26.53846153846153846153846154,blockchain.info-x-ecb
2013-03-03,26.34615384615384615384615385,blockchain.info-x-ecb
2013-03-04,26.33197509033597293764895825,blockchain.info-x-ecb
2013-03-05,27.92696025778732545649838883,blockchain.info-x-ecb
2013-03-06,31.18527042577675489067894131,blockchain.info-x-ecb
2013-03-07,32.28285933897002305918524212,blockchain.info-x-ecb
2013-03-08,32.96409472880061115355233002,blockchain.info-x-ecb
2013-03-09,33.61344537815126050420168067,blockchain.info-x-ecb
2013-03-10,35.85179526355996944232238350,blockchain.info-x-ecb
2013-03-11,35.09311990149299676773895644,blockchain.info-x-ecb
2013-03-12,36.92637707806634490155519804,blockchain.info-x-ecb
2013-03-13,34.14220784223095293120714891,blockchain.info-x-ecb
2013-03-14,36.38401484115328128623328438,blockchain.info-x-ecb
2013-03-15,35.80926180651077487391104998,blockchain.info-x-ecb
2013-03-16,35.83982882469815069539966376,blockchain.info-x-ecb
2013-03-17,36.10729023383768913342503439,blockchain.info-x-ecb
2013-03-18,36.64629901771212004021966123,blockchain.info-x-ecb
2013-03-19,40.26576019777503090234857849,blockchain.info-x-ecb
2013-03-20,45.98686751641560448049439938,blockchain.info-x-ecb
2013-03-21,51.06893880712625871417505809,blockchain.info-x-ecb
2013-03-22,54.25548347235094223046030275,blockchain.info-x-ecb
2013-03-23,54.25548347235094223046030275,blockchain.info-x-ecb
2013-03-24,49.43620636391720729070126660,blockchain.info-x-ecb
2013-03-25,55.60881329725550831078469269,blockchain.info-x-ecb
2013-03-26,57.61604851877770002332633543,blockchain.info-x-ecb
2013-03-27,61.70895989974937343358395990,blockchain.info-x-ecb
2013-03-28,69.34791097227645450995704803,blockchain.info-x-ecb
2013-03-29,68.33268254588051542366263178,blockchain.info-x-ecb
2013-03-30,70.32409215150331901600937134,blockchain.info-x-ecb
2013-03-31,72.23740726278797344787192503,blockchain.info-x-ecb
2013-04-01,72.82311597032409215150331902,blockchain.info-x-ecb
2013-04-02,80.99688473520249221183800623,blockchain.info-x-ecb
2013-04-03,91.47178048019956345494231369,blockchain.info-x-ecb
2013-04-04,102.2000312061163988141675768,blockchain.info-x-ecb
2013-04-05,102.7503090234857849196538937,blockchain.info-x-ecb
2013-04-06,109.7805933250927070457354759,blockchain.info-x-ecb
2013-04-07,110.9471569839307787391841780,blockchain.info-x-ecb
2013-04-08,125.3935345158565614681716962,blockchain.info-x-ecb
2013-04-09,143.3742331288343558282208589,blockchain.info-x-ecb
2013-04-10,176.5627388048295888736053798,blockchain.info-x-ecb
2013-04-11,121.8690448967146886195594176,blockchain.info-x-ecb
2013-04-12,95.69414649095923996322402697,blockchain.info-x-ecb
2013-04-13,93.93196444989273674532638676,blockchain.info-x-ecb
2013-04-14,76.61661048115231382163653080,blockchain.info-x-ecb
2013-04-15,76.44675483525724333002064062,blockchain.info-x-ecb
2013-04-16,51.86990631426612841800594105,blockchain.info-x-ecb
2013-04-17,51.79373905095589915454337726,blockchain.info-x-ecb
2013-04-18,71.98160214641625143733231123,blockchain.info-x-ecb
2013-04-19,84.63591307662981319100266870,blockchain.info-x-ecb
2013-04-20,90.67479984750285932138772398,blockchain.info-x-ecb
2013-04-21,97.21692718261532596263820053,blockchain.info-x-ecb
2013-04-22,91.27866840530796962491370714,blockchain.info-x-ecb
2013-04-23,97.76751347190146266358737490,blockchain.info-x-ecb
2013-04-24,109.5648162386590804244194987,blockchain.info-x-ecb
2013-04-25,118.5550458715596330275229358,blockchain.info-x-ecb
2013-04-26,109.2314793445649665358873760,blockchain.info-x-ecb
2013-04-27,105.3927225171167012847142088,blockchain.info-x-ecb
2013-04-28,98.85375798138318332179398415,blockchain.info-x-ecb
2013-04-29,102.5242126134370472050636773,blockchain.info-x-ecb
2013-04-30,110.5722154222766217870257038,blockchain.info-x-ecb
2013-05-01,106.3341493268053855569155447,blockchain.info-x-ecb
2013-05-02,88.69683875369570161473732090,blockchain.info-x-ecb
2013-05-03,78.77077931981088912612475217,blockchain.info-x-ecb
2013-05-04,73.81424431904834527985359158,blockchain.info-x-ecb
2013-05-05,86.24370901326826292511819430,blockchain.info-x-ecb
2013-05-06,88.48706797894254978255893797,blockchain.info-x-ecb
2013-05-07,85.67940794995040817883573663,blockchain.info-x-ecb
2013-05-08,85.03996954701180053292729349,blockchain.info-x-ecb
2013-05-09,86.25019022979759549535839294,blockchain.info-x-ecb
2013-05-10,86.76470588235294117647058824,blockchain.info-x-ecb
2013-05-11,90.23714197720973206036341238,blockchain.info-x-ecb
2013-05-12,89.06683092085001539882968894,blockchain.info-x-ecb
2013-05-13,88.72273182764202574577969629,blockchain.info-x-ecb
2013-05-14,90.92240117130307467057101025,blockchain.info-x-ecb
2013-05-15,87.06467661691542288557213930,blockchain.info-x-ecb
2013-05-16,88.61132660977501939487975175,blockchain.info-x-ecb
2013-05-17,91.23475017483875981039707825,blockchain.info-x-ecb
2013-05-18,95.82718159919185639909860906,blockchain.info-x-ecb
2013-05-19,95.81164037609759888103193721,blockchain.info-x-ecb
2013-05-20,94.91169376799190850385124096,blockchain.info-x-ecb
2013-05-21,94.83911083475827763096533499,blockchain.info-x-ecb
2013-05-22,94.94699373210554824731099590,blockchain.info-x-ecb
2013-05-23,95.43761638733705772811918063,blockchain.info-x-ecb
2013-05-24,97.92101398871628410232630033,blockchain.info-x-ecb
2013-05-25,103.1687147383878197696885385,blockchain.info-x-ecb
2013-05-26,102.0094288584898369271195610,blockchain.info-x-ecb
2013-05-27,103.1764433109204729886389984,blockchain.info-x-ecb
2013-05-28,100.2937084557118565466068944,blockchain.info-x-ecb
2013-05-29,99.59851760345892526250772082,blockchain.info-x-ecb
2013-05-30,102.2095179233621755253399258,blockchain.info-x-ecb
2013-05-31,99.09272643395355989543287713,blockchain.info-x-ecb
2013-06-01,99.20036906043364600953406120,blockchain.info-x-ecb
2013-06-02,99.41565431339381823773642934,blockchain.info-x-ecb
2013-06-03,94.11131611316113161131611316,blockchain.info-x-ecb
2013-06-04,93.20959364497402994194928200,blockchain.info-x-ecb
2013-06-05,92.92109895155735823065738119,blockchain.info-x-ecb
2013-06-06,92.92575087665802713828327489,blockchain.info-x-ecb
2013-06-07,89.72096530920060331825037707,blockchain.info-x-ecb
2013-06-08,84.08748114630467571644042232,blockchain.info-x-ecb
2013-06-09,81.44042232277526395173453997,blockchain.info-x-ecb
2013-06-10,75.85736997501703384056325233,blockchain.info-x-ecb
2013-06-11,79.93671362917200331500037670,blockchain.info-x-ecb
2013-06-12,82.09685923024779694208028922,blockchain.info-x-ecb
2013-06-13,81.18663161847540368006008261,blockchain.info-x-ecb
2013-06-14,78.10268360520183417274299030,blockchain.info-x-ecb
2013-06-15,75.15597985416823272945952041,blockchain.info-x-ecb
2013-06-16,74.93798391340299180635946779,blockchain.info-x-ecb
2013-06-17,74.90440128964534752942940691,blockchain.info-x-ecb
2013-06-18,76.22999850456108867952744130,blockchain.info-x-ecb
2013-06-19,80.10592272116962554080262569,blockchain.info-x-ecb
2013-06-20,81.57575757575757575757575758,blockchain.info-x-ecb
2013-06-21,84.30955993930197268588770865,blockchain.info-x-ecb
2013-06-22,83.36115326251896813353566009,blockchain.info-x-ecb
2013-06-23,82.20789074355083459787556904,blockchain.info-x-ecb
2013-06-24,82.51566559682103010851291457,blockchain.info-x-ecb
2013-06-25,78.40718745241358306684939851,blockchain.info-x-ecb
2013-06-26,79.76812039312039312039312039,blockchain.info-x-ecb
2013-06-27,79.80356046654389195825659914,blockchain.info-x-ecb
2013-06-28,77.80581039755351681957186544,blockchain.info-x-ecb
2013-06-29,72.36238532110091743119266055,blockchain.info-x-ecb
2013-06-30,72.62232415902140672782874618,blockchain.info-x-ecb
2013-07-01,74.59538237324537853800721025,blockchain.info-x-ecb
2013-07-02,66.83567642313897211339018207,blockchain.info-x-ecb
2013-07-03,70.26005092985569874218689714,blockchain.info-x-ecb
2013-07-04,60.15865680837954405422057917,blockchain.info-x-ecb
2013-07-05,62.12838624543972677171466273,blockchain.info-x-ecb
2013-07-06,53.45028331910269347201738725,blockchain.info-x-ecb
2013-07-07,54.54474889389117441589691842,blockchain.info-x-ecb
2013-07-08,58.36575875486381322957198444,blockchain.info-x-ecb
2013-07-09,59.49288325425838064867387415,blockchain.info-x-ecb
2013-07-10,59.86107859205494419729961758,blockchain.info-x-ecb
2013-07-11,67.38730450781968721251149954,blockchain.info-x-ecb
2013-07-12,68.20622986036519871106337272,blockchain.info-x-ecb
2013-07-13,72.11140095135798680374405401,blockchain.info-x-ecb
2013-07-14,75.18796992481203007518796992,blockchain.info-x-ecb
2013-07-15,72.77128804180756225023055641,blockchain.info-x-ecb
2013-07-16,75.01143466991919499923768867,blockchain.info-x-ecb
2013-07-17,73.88093788063337393422655298,blockchain.info-x-ecb
2013-07-18,75.46016955625143206293439242,blockchain.info-x-ecb
2013-07-19,68.65808123142574106530518936,blockchain.info-x-ecb
2013-07-20,70.10592090223272117656023775,blockchain.info-x-ecb
2013-07-21,68.11704640707155376057303970,blockchain.info-x-ecb
2013-07-22,68.93513595625094941516026128,blockchain.info-x-ecb
2013-07-23,69.79514415781487101669195751,blockchain.info-x-ecb
2013-07-24,72.14253359504756152800845538,blockchain.info-x-ecb
2013-07-25,71.58763823663081351310407514,blockchain.info-x-ecb
2013-07-26,73.15233785822021116138763198,blockchain.info-x-ecb
2013-07-27,72.41327300150829562594268477,blockchain.info-x-ecb
2013-07-28,70.98039215686274509803921569,blockchain.info-x-ecb
2013-07-29,74.37829691032403918613413715,blockchain.info-x-ecb
2013-07-30,76.39265281541704305931948208,blockchain.info-x-ecb
2013-07-31,81.20527306967984934086629002,blockchain.info-x-ecb
2013-08-01,80.23572076155938349954669084,blockchain.info-x-ecb
2013-08-02,79.23956676512913731727637658,blockchain.info-x-ecb
2013-08-03,79.14867833068242066197076422,blockchain.info-x-ecb
2013-08-04,79.48950995985760811936681057,blockchain.info-x-ecb
2013-08-05,79.61077166779814437655578185,blockchain.info-x-ecb
2013-08-06,80.36144578313253012048192771,blockchain.info-x-ecb
2013-08-07,80.09019165727170236753100338,blockchain.info-x-ecb
2013-08-08,79.33383233532934131736526946,blockchain.info-x-ecb
2013-08-09,77.02834068645778808046062963,blockchain.info-x-ecb
2013-08-10,76.87130785911912061616690346,blockchain.info-x-ecb
2013-08-11,77.02086293277499439168473790,blockchain.info-x-ecb
2013-08-12,79.06626506024096385542168675,blockchain.info-x-ecb
2013-08-13,80.24078254326561324303987961,blockchain.info-x-ecb
2013-08-14,82.57192479045533489390621460,blockchain.info-x-ecb
2013-08-15,74.59577348274046777468601940,blockchain.info-x-ecb
2013-08-16,73.52323838080959520239880060,blockchain.info-x-ecb
2013-08-17,73.65067466266866566716641679,blockchain.info-x-ecb
2013-08-18,74.74512743628185907046476762,blockchain.info-x-ecb
2013-08-19,74.41546762589928057553956835,blockchain.info-x-ecb
2013-08-20,76.79958183990442054958183990,blockchain.info-x-ecb
2013-08-21,78.36222355050806933652121937,blockchain.info-x-ecb
2013-08-22,82.88673722134654357126773249,blockchain.info-x-ecb
2013-08-23,82.14900786222388618494945713,blockchain.info-x-ecb
2013-08-24,80.60651441407712467240733808,blockchain.info-x-ecb
2013-08-25,81.64732309996256083863721453,blockchain.info-x-ecb
2013-08-26,84.78407304842451912282014819,blockchain.info-x-ecb
2013-08-27,83.81316539211276053381316539,blockchain.info-x-ecb
2013-08-28,88.19959541469993256911665543,blockchain.info-x-ecb
2013-08-29,88.88888888888888888888888889,blockchain.info-x-ecb
2013-08-30,89.53532300717793728749527767,blockchain.info-x-ecb
2013-08-31,94.32565168114846996599924443,blockchain.info-x-ecb
2013-09-01,97.10615791462032489610880242,blockchain.info-x-ecb
2013-09-02,98.93995608389490421746043765,blockchain.info-x-ecb
2013-09-03,98.76252657151533556027938050,blockchain.info-x-ecb
2013-09-04,98.04115101359046389795763420,blockchain.info-x-ecb
2013-09-05,92.61475534009998485078018482,blockchain.info-x-ecb
2013-09-06,93.48936494625295418159640162,blockchain.info-x-ecb
2013-09-07,89.66227033620492490660974308,blockchain.info-x-ecb
2013-09-08,91.42334375238240451322710986,blockchain.info-x-ecb
2013-09-09,89.57101712899802940730635137,blockchain.info-x-ecb
2013-09-10,91.02719033232628398791540785,blockchain.info-x-ecb
2013-09-11,91.96563159481459149834187519,blockchain.info-x-ecb
2013-09-12,95.21444695259593679458239278,blockchain.info-x-ecb
2013-09-13,95.57728469349379465964648364,blockchain.info-x-ecb
2013-09-14,95.62993606619029710417450169,blockchain.info-x-ecb
2013-09-15,93.30575404287326062429484769,blockchain.info-x-ecb
2013-09-16,93.84592348581268248858276559,blockchain.info-x-ecb
2013-09-17,94.48936807427373465109314166,blockchain.info-x-ecb
2013-09-18,104.2165967645296584781306171,blockchain.info-x-ecb
2013-09-19,93.85012919896640826873385013,blockchain.info-x-ecb
2013-09-20,91.88989196388929998520053278,blockchain.info-x-ecb
2013-09-21,91.04632233239603374278525973,blockchain.info-x-ecb
2013-09-22,91.32751220956045582359035075,blockchain.info-x-ecb
2013-09-23,91.00533017471128220313888066,blockchain.info-x-ecb
2013-09-24,91.03391969123432049283752691,blockchain.info-x-ecb
2013-09-25,91.63951421800947867298578199,blockchain.info-x-ecb
2013-09-26,91.41417882806133787687976887,blockchain.info-x-ecb
2013-09-27,92.08096328580926350003693581,blockchain.info-x-ecb
2013-09-28,93.59533131417596217773509640,blockchain.info-x-ecb
2013-09-29,93.47713673635221984191475216,blockchain.info-x-ecb
2013-09-30,94.04664938911514253980007405,blockchain.info-x-ecb
2013-10-01,93.14593477940091485908218976,blockchain.info-x-ecb
2013-10-02,94.36921938586755456899741028,blockchain.info-x-ecb
2013-10-03,76.39399735177284095924672650,blockchain.info-x-ecb
2013-10-04,86.49304789229750606930037519,blockchain.info-x-ecb
2013-10-05,89.70793790921797984256602663,blockchain.info-x-ecb
2013-10-06,89.16354005738247627455307879,blockchain.info-x-ecb
2013-10-07,90.25198938992042440318302387,blockchain.info-x-ecb
2013-10-08,91.19033588685916322922804950,blockchain.info-x-ecb
2013-10-09,91.83869774324824269330373659,blockchain.info-x-ecb
2013-10-10,93.03872302689920189181200118,blockchain.info-x-ecb
2013-10-11,93.46896653398201385817484889,blockchain.info-x-ecb
2013-10-12,93.91862007961079168509509067,blockchain.info-x-ecb
2013-10-13,94.05130473241928350287483414,blockchain.info-x-ecb
2013-10-14,97.77351813624299616632261870,blockchain.info-x-ecb
2013-10-15,100.1778700066701252501296969,blockchain.info-x-ecb
2013-10-16,103.9893813140623847798834894,blockchain.info-x-ecb
2013-10-17,101.1491728883033230859317816,blockchain.info-x-ecb
2013-10-18,105.1885413621748026892721426,blockchain.info-x-ecb
2013-10-19,122.9172756503946214557147033,blockchain.info-x-ecb
2013-10-20,133.8643671441099093832212803,blockchain.info-x-ecb
2013-10-21,136.1820443403819419038560035,blockchain.info-x-ecb
2013-10-22,131.4904197747550095070937546,blockchain.info-x-ecb
2013-10-23,137.9799301919720767888307155,blockchain.info-x-ecb
2013-10-24,147.5552336110105034407823252,blockchain.info-x-ecb
2013-10-25,141.7797778906873775132467155,blockchain.info-x-ecb
2013-10-26,135.6245917108223851346446977,blockchain.info-x-ecb
2013-10-27,130.3331639689337301299266894,blockchain.info-x-ecb
2013-10-28,140.7864190365641323273360418,blockchain.info-x-ecb
2013-10-29,150.2760023242300987797791981,blockchain.info-x-ecb
2013-10-30,157.0338058887677208287895311,blockchain.info-x-ecb
2013-10-31,151.0226522982186056740708159,blockchain.info-x-ecb
2013-11-01,150.7145501666049611255090707,blockchain.info-x-ecb
2013-11-02,150.3146982599037393557941503,blockchain.info-x-ecb
2013-11-03,151.6919659385412810070344317,blockchain.info-x-ecb
2013-11-04,155.3383681326817710647119799,blockchain.info-x-ecb
2013-11-05,170.4090706980880391285015562,blockchain.info-x-ecb
2013-11-06,186.8683879559073758970185692,blockchain.info-x-ecb
2013-11-07,198.3539094650205761316872428,blockchain.info-x-ecb
2013-11-08,216.6778348596530414712232894,blockchain.info-x-ecb
2013-11-09,248.6784304966123147941329760,blockchain.info-x-ecb
2013-11-10,245.7002457002457002457002457,blockchain.info-x-ecb
2013-11-11,244.8857697476482006868747200,blockchain.info-x-ecb
2013-11-12,255.8144729005360333531864205,blockchain.info-x-ecb
2013-11-13,264.5546030562802832650018636,blockchain.info-x-ecb
2013-11-14,292.4977671926168502530515034,blockchain.info-x-ecb
2013-11-15,308.3209509658246656760772660,blockchain.info-x-ecb
2013-11-16,306.1144130757800891530460624,blockchain.info-x-ecb
2013-11-17,324.8439821693907875185735513,blockchain.info-x-ecb
2013-11-18,351.4093363912110675445735000,blockchain.info-x-ecb
2013-11-19,488.9645978373574285291067990,blockchain.info-x-ecb
2013-11-20,404.3764323205440969912027796,blockchain.info-x-ecb
2013-11-21,443.8687648456057007125890736,blockchain.info-x-ecb
2013-11-22,530.2337623908862257730433496,blockchain.info-x-ecb
2013-11-23,588.1047492232578783843763870,blockchain.info-x-ecb
2013-11-24,613.9887557330966119248409528,blockchain.info-x-ecb
2013-11-25,597.5284889743969217108184105,blockchain.info-x-ecb
2013-11-26,601.2844172141433527718314018,blockchain.info-x-ecb
2013-11-27,675.0441306266548984995586937,blockchain.info-x-ecb
2013-11-28,709.9764567392583872866391995,blockchain.info-x-ecb
2013-11-29,745.0591433399456322092425244,blockchain.info-x-ecb
2013-11-30,833.1129233708030269634854162,blockchain.info-x-ecb
2013-12-01,822.2761002130629637792961575,blockchain.info-x-ecb
2013-12-02,705.5333924349881796690307329,blockchain.info-x-ecb
2013-12-03,768.8761231403741346295477979,blockchain.info-x-ecb
2013-12-04,772.6677457327839905826957034,blockchain.info-x-ecb
2013-12-05,836.3248491981756657348830366,blockchain.info-x-ecb
2013-12-06,757.6312129419515408828050655,blockchain.info-x-ecb
2013-12-07,585.6086670082717224214918381,blockchain.info-x-ecb
2013-12-08,516.7337676597613644681941293,blockchain.info-x-ecb
2013-12-09,573.2400524704853519895059029,blockchain.info-x-ecb
2013-12-10,650.1818181818181818181818182,blockchain.info-x-ecb
2013-12-11,710.9464661872593883925328685,blockchain.info-x-ecb
2013-12-12,636.5735027223230490018148820,blockchain.info-x-ecb
2013-12-13,637.2259051504334523202447731,blockchain.info-x-ecb
2013-12-14,644.7147956581918846069789466,blockchain.info-x-ecb
2013-12-15,619.8076782982443359801850368,blockchain.info-x-ecb
2013-12-16,626.4372822299651567944250871,blockchain.info-x-ecb
2013-12-17,501.8546803403883918830460397,blockchain.info-x-ecb
2013-12-18,489.9410866244817804931267729,blockchain.info-x-ecb
2013-12-19,381.9419038560035121094607449,blockchain.info-x-ecb
2013-12-20,501.8674478213108751373123398,blockchain.info-x-ecb
2013-12-21,449.5569388502380080556572684,blockchain.info-x-ecb
2013-12-22,439.3335774441596484804101062,blockchain.info-x-ecb
2013-12-23,448.1900452488687782805429864,blockchain.info-x-ecb
2013-12-24,482.3078047354574685764396375,blockchain.info-x-ecb
2013-12-25,477.1996492253726980415083309,blockchain.info-x-ecb
2013-12-26,496.2145571470330312774042678,blockchain.info-x-ecb
2013-12-27,540.7557550311278413203995946,blockchain.info-x-ecb
2013-12-28,524.0915013754162443897495295,blockchain.info-x-ecb
2013-12-29,517.5908498624583755610250471,blockchain.info-x-ecb
2013-12-30,528.3247478778205035188275412,blockchain.info-x-ecb
2013-12-31,534.0439417011094191864259300,blockchain.info-x-ecb
2014-01-01,530.7809440939743310854905373,blockchain.info-x-ecb
2014-01-02,548.5942304876262996046273246,blockchain.info-x-ecb
2014-01-03,573.0013202288396655420272847,blockchain.info-x-ecb
2014-01-04,592.1886460319788763385653513,blockchain.info-x-ecb
2014-01-05,607.8480269913451664955258912,blockchain.info-x-ecb
2014-01-06,665.3286281429201588001764446,blockchain.info-x-ecb
2014-01-07,671.2777655597096987024411700,blockchain.info-x-ecb
2014-01-08,581.1387376783875239076062969,blockchain.info-x-ecb
2014-01-09,604.8339700264472524243314722,blockchain.info-x-ecb
2014-01-10,608.1401339515713549716640907,blockchain.info-x-ecb
2014-01-11,628.5346286891881945977772871,blockchain.info-x-ecb
2014-01-12,658.7178921027452712151321116,blockchain.info-x-ecb
2014-01-13,618.1631756261901274351838289,blockchain.info-x-ecb
2014-01-14,602.1804346235457671764103315,blockchain.info-x-ecb
2014-01-15,599.7354108481552256357489343,blockchain.info-x-ecb
2014-01-16,619.1292196808119438111348091,blockchain.info-x-ecb
2014-01-17,601.5532979976442873969375736,blockchain.info-x-ecb
2014-01-18,583.0388692579505300353356890,blockchain.info-x-ecb
2014-01-19,597.1731448763250883392226148,blockchain.info-x-ecb
2014-01-20,620.0058970956803774141235442,blockchain.info-x-ecb
2014-01-21,612.0138991571787668194588201,blockchain.info-x-ecb
2014-01-22,607.9758219077104526020934690,blockchain.info-x-ecb
2014-01-23,600.9384852261896033433536183,blockchain.info-x-ecb
2014-01-24,592.6937970336815956747278439,blockchain.info-x-ecb
2014-01-25,569.8984437787681741798787170,blockchain.info-x-ecb
2014-01-26,588.1493387886315481844085629,blockchain.info-x-ecb
2014-01-27,596.1414555571826036022843755,blockchain.info-x-ecb
2014-01-28,547.7104549783866949959704008,blockchain.info-x-ecb
2014-01-29,577.3074661963550852439741329,blockchain.info-x-ecb
2014-01-30,584.9418005009577132753794018,blockchain.info-x-ecb
2014-01-31,591.8910920390648120745782776,blockchain.info-x-ecb
2014-02-01,594.1106836342113051198579461,blockchain.info-x-ecb
2014-02-02,604.5279668540988458123705238,blockchain.info-x-ecb
2014-02-03,603.3041932138094532523336791,blockchain.info-x-ecb
2014-02-04,598.0471928397070789259560618,blockchain.info-x-ecb
2014-02-05,592.9188510669718673853651333,blockchain.info-x-ecb
2014-02-06,578.7328640237124861059651723,blockchain.info-x-ecb
2014-02-07,562.8186238396935317518785914,blockchain.info-x-ecb
2014-02-08,523.0661558862531309857079711,blockchain.info-x-ecb
2014-02-09,501.5470752909974952114336231,blockchain.info-x-ecb
2014-02-10,504.0108520310896025810236105,blockchain.info-x-ecb
2014-02-11,503.5682948230476747587013747,blockchain.info-x-ecb
2014-02-12,497.3845133721358579532896191,blockchain.info-x-ecb
2014-02-13,477.4478976234003656307129799,blockchain.info-x-ecb
2014-02-14,445.0280878383307798934850806,blockchain.info-x-ecb
2014-02-15,489.0129131100897351718100241,blockchain.info-x-ecb
2014-02-16,478.3760122565112716130444299,blockchain.info-x-ecb
2014-02-17,455.4201036572012555660997153,blockchain.info-x-ecb
2014-02-18,458.7866870584808098463331148,blockchain.info-x-ecb
2014-02-19,458.0502000727537286285922154,blockchain.info-x-ecb
2014-02-20,455.8952283671384794980300598,blockchain.info-x-ecb
2014-02-21,410.7390384475085722623477056,blockchain.info-x-ecb
2014-02-22,422.7766834464142408988108266,blockchain.info-x-ecb
2014-02-23,446.8373823593784197855110527,blockchain.info-x-ecb
2014-02-24,444.8853294503094284674190025,blockchain.info-x-ecb
2014-02-25,394.5615820852115748145993893,blockchain.info-x-ecb
2014-02-26,407.6351449803293020544951188,blockchain.info-x-ecb
2014-02-27,428.5369068541300527240773286,blockchain.info-x-ecb
2014-02-28,422.1023673351190907116484471,blockchain.info-x-ecb
2014-03-01,400.3474987330775356548179251,blockchain.info-x-ecb
2014-03-02,410.8303771809165279084920003,blockchain.info-x-ecb
2014-03-03,407.4665891923300406740267286,blockchain.info-x-ecb
2014-03-04,495.3224869262056943637420105,blockchain.info-x-ecb
2014-03-05,490.3000291290416545295659773,blockchain.info-x-ecb
2014-03-06,487.9592579119679883594034194,blockchain.info-x-ecb
2014-03-07,481.5028069670361307039009644,blockchain.info-x-ecb
2014-03-08,454.8654095292932200950050381,blockchain.info-x-ecb
2014-03-09,447.9487548582121779185259824,blockchain.info-x-ecb
2014-03-10,460.9898422303868597363302356,blockchain.info-x-ecb
2014-03-11,454.3898916967509025270758123,blockchain.info-x-ecb
2014-03-12,455.1739036508965219269820696,blockchain.info-x-ecb
2014-03-13,455.4224644957681824702338258,blockchain.info-x-ecb
2014-03-14,461.6897147796024200518582541,blockchain.info-x-ecb
2014-03-15,454.0622299049265341400172861,blockchain.info-x-ecb
2014-03-16,458.9743589743589743589743590,blockchain.info-x-ecb
2014-03-17,456.6302315547245793182798792,blockchain.info-x-ecb
2014-03-18,449.3669975543087325564666954,blockchain.info-x-ecb
2014-03-19,442.3848199525623517573492417,blockchain.info-x-ecb
2014-03-20,444.1214939688998692050574044,blockchain.info-x-ecb
2014-03-21,424.9637155297532656023222061,blockchain.info-x-ecb
2014-03-22,415.7402031930333817126269956,blockchain.info-x-ecb
2014-03-23,408.5703918722786647314949202,blockchain.info-x-ecb
2014-03-24,406.2291273413677943952374038,blockchain.info-x-ecb
2014-03-25,424.6718398723620277032417144,blockchain.info-x-ecb
2014-03-26,424.7625262852585019215430353,blockchain.info-x-ecb
2014-03-27,420.4826282889954935310364879,blockchain.info-x-ecb
2014-03-28,344.6471400537829784141289338,blockchain.info-x-ecb
2014-03-29,363.1077839959299367686605131,blockchain.info-x-ecb
2014-03-30,356.1305327422051021149792863,blockchain.info-x-ecb
2014-03-31,332.6515810850014505366985785,blockchain.info-x-ecb
2014-04-01,331.7548948513415518491660624,blockchain.info-x-ecb
2014-04-02,347.2272562522653135193910837,blockchain.info-x-ecb
2014-04-03,318.8729939728414784692469683,blockchain.info-x-ecb
2014-04-04,327.5328467153284671532846715,blockchain.info-x-ecb
2014-04-05,329.9270072992700729927007299,blockchain.info-x-ecb
2014-04-06,337.9562043795620437956204380,blockchain.info-x-ecb
2014-04-07,333.7462653938643153829337608,blockchain.info-x-ecb
2014-04-08,326.6952228836939160737621606,blockchain.info-x-ecb
2014-04-09,328.4036537625054371465854719,blockchain.info-x-ecb
2014-04-10,318.6918583687892117977933223,blockchain.info-x-ecb
2014-04-11,266.0034602076124567474048443,blockchain.info-x-ecb
2014-04-12,305.2191464821222606689734717,blockchain.info-x-ecb
2014-04-13,305.1975201845444059976931949,blockchain.info-x-ecb
2014-04-14,302.0033268243292109640558328,blockchain.info-x-ecb
2014-04-15,333.0000724480185466927479533,blockchain.info-x-ecb
2014-04-16,377.8901734104046242774566474,blockchain.info-x-ecb
2014-04-17,379.8556477805846264886322627,blockchain.info-x-ecb
2014-04-18,359.5813785636954168170335619,blockchain.info-x-ecb
2014-04-19,347.9682425117286178274990978,blockchain.info-x-ecb
2014-04-20,363.6232407073258751353302057,blockchain.info-x-ecb
2014-04-21,361.9920606279321544568747744,blockchain.info-x-ecb
2014-04-22,360.7005862343489903741767388,blockchain.info-x-ecb
2014-04-23,353.1299696400173485615151077,blockchain.info-x-ecb
2014-04-24,355.9985528219971056439942113,blockchain.info-x-ecb
2014-04-25,363.0612392451738847516448558,blockchain.info-x-ecb
2014-04-26,334.8492516810064348203311402,blockchain.info-x-ecb
2014-04-27,333.6562793724242643337430410,blockchain.info-x-ecb
2014-04-28,316.5716759252579178991414761,blockchain.info-x-ecb
2014-04-29,320.0057861999132070013018950,blockchain.info-x-ecb
2014-04-30,323.4657039711191335740072202,blockchain.info-x-ecb
2014-05-01,326.3754512635379061371841155,blockchain.info-x-ecb
2014-05-02,332.5422017024960323185687491,blockchain.info-x-ecb
2014-05-03,328.1633241956427643918626461,blockchain.info-x-ecb
2014-05-04,317.4145145000721396623863800,blockchain.info-x-ecb
2014-05-05,314.7974628802075825284705204,blockchain.info-x-ecb
2014-05-06,310.5055575475080674076730011,blockchain.info-x-ecb
2014-05-07,307.3239032095928771451138077,blockchain.info-x-ecb
2014-05-08,315.9750591270694474306600731,blockchain.info-x-ecb
2014-05-09,317.5458965241999854872650751,blockchain.info-x-ecb
2014-05-10,325.8108990639285973441695087,blockchain.info-x-ecb
2014-05-11,331.6159930338872360496335534,blockchain.info-x-ecb
2014-05-12,318.0602978568833999273519797,blockchain.info-x-ecb
2014-05-13,322.8854995256513172298036926,blockchain.info-x-ecb
2014-05-14,320.0816386033967490341861652,blockchain.info-x-ecb
2014-05-15,325.5362764477633794567684311,blockchain.info-x-ecb
2014-05-16,326.0294976635514018691588785,blockchain.info-x-ecb
2014-05-17,327.9205607476635514018691589,blockchain.info-x-ecb
2014-05-18,327.5846962616822429906542056,blockchain.info-x-ecb
2014-05-19,325.8403208166241341596791834,blockchain.info-x-ecb
2014-05-20,326.9741643555685301415851700,blockchain.info-x-ecb
2014-05-21,356.9172272594325826264989763,blockchain.info-x-ecb
2014-05-22,361.4062042727538776704711735,blockchain.info-x-ecb
2014-05-23,387.6155539251650770359501101,blockchain.info-x-ecb
2014-05-24,382.3184152604548789435069699,blockchain.info-x-ecb
2014-05-25,387.3147468818782098312545855,blockchain.info-x-ecb
2014-05-26,417.9904657132379904657132380,blockchain.info-x-ecb
2014-05-27,428.8605367355917289925208975,blockchain.info-x-ecb
2014-05-28,420.8553791887125220458553792,blockchain.info-x-ecb
2014-05-29,426.8292682926829268292682927,blockchain.info-x-ecb
2014-05-30,418.1744690232968325126772984,blockchain.info-x-ecb
2014-05-31,456.6032189314323509958109796,blockchain.info-x-ecb
2014-06-01,460.4247813625339898581612405,blockchain.info-x-ecb
2014-06-02,463.3825582249651017559327015,blockchain.info-x-ecb
2014-06-03,485.1593990472700622938805423,blockchain.info-x-ecb
2014-06-04,491.7736845967564394217362589,blockchain.info-x-ecb
2014-06-05,473.8409375691014962777327338,blockchain.info-x-ecb
2014-06-06,484.8849142354493476029907638,blockchain.info-x-ecb
2014-06-07,475.7366954991936666177979768,blockchain.info-x-ecb
2014-06-08,481.6889019205395103357278991,blockchain.info-x-ecb
2014-06-09,482.8850676072898295120517343,blockchain.info-x-ecb
2014-06-10,478.9326050047981102827194213,blockchain.info-x-ecb
2014-06-11,478.7406805934893334317561084,blockchain.info-x-ecb
2014-06-12,461.9825547013601419278533412,blockchain.info-x-ecb
2014-06-13,424.7450864489434018028668538,blockchain.info-x-ecb
2014-06-14,437.0843800797990246785872617,blockchain.info-x-ecb
2014-06-15,422.8461652135362790010344318,blockchain.info-x-ecb
2014-06-16,438.1392255394620159621637600,blockchain.info-x-ecb
2014-06-17,431.8985849056603773584905660,blockchain.info-x-ecb
2014-06-18,448.2784044827840448278404483,blockchain.info-x-ecb
2014-06-19,446.4023494860499265785609398,blockchain.info-x-ecb
2014-06-20,437.9967618486900206064174271,blockchain.info-x-ecb
2014-06-21,436.7677362378569325875772741,blockchain.info-x-ecb
2014-06-22,434.9131586694141889902855461,blockchain.info-x-ecb
2014-06-23,440.3942335981170932627243307,blockchain.info-x-ecb
2014-06-24,431.9650462622998971948891173,blockchain.info-x-ecb
2014-06-25,422.3136246786632390745501285,blockchain.info-x-ecb
2014-06-26,412.1417021902102013817433485,blockchain.info-x-ecb
2014-06-27,423.8913362701908957415565345,blockchain.info-x-ecb
2014-06-28,439.7944199706314243759177680,blockchain.info-x-ecb
2014-06-29,433.1864904552129221732745962,blockchain.info-x-ecb
2014-06-30,439.2956509005710938644018158,blockchain.info-x-ecb
2014-07-01,466.8249561659848042080654588,blockchain.info-x-ecb
2014-07-02,468.1092560046865846514352665,blockchain.info-x-ecb
2014-07-03,476.6891396746299281840832478,blockchain.info-x-ecb
2014-07-04,474.9411245216367382984986753,blockchain.info-x-ecb
2014-07-05,460.8183691492493376508684133,blockchain.info-x-ecb
2014-07-06,464.3803355902266705916985576,blockchain.info-x-ecb
2014-07-07,466.2595644496762801648028252,blockchain.info-x-ecb
2014-07-08,459.4524983442490249466480241,blockchain.info-x-ecb
2014-07-09,459.4354186576490480041167390,blockchain.info-x-ecb
2014-07-10,457.1817112613937077330197001,blockchain.info-x-ecb
2014-07-11,453.6962118425891872011769033,blockchain.info-x-ecb
2014-07-12,466.3479220301581463773446120,blockchain.info-x-ecb
2014-07-13,467.9514527399779330636263332,blockchain.info-x-ecb
2014-07-14,462.6330079988258604241579218,blockchain.info-x-ecb
2014-07-15,456.3358554323073532652611474,blockchain.info-x-ecb
2014-07-16,461.1809045226130653266331658,blockchain.info-x-ecb
2014-07-17,456.4953789279112754158964880,blockchain.info-x-ecb
2014-07-18,462.6987060998151571164510166,blockchain.info-x-ecb
2014-07-19,467.1719038817005545286506470,blockchain.info-x-ecb
2014-07-20,465.8040665434380776340110906,blockchain.info-x-ecb
2014-07-21,463.8260097647581003106968486,blockchain.info-x-ecb
2014-07-22,461.5607150804836436466137527,blockchain.info-x-ecb
2014-07-23,460.4530263646490902339398440,blockchain.info-x-ecb
2014-07-24,460.5329572446555819477434679,blockchain.info-x-ecb
2014-07-25,449.375,blockchain.info-x-ecb
2014-07-26,448.5863095238095238095238095,blockchain.info-x-ecb
2014-07-27,443.3779761904761904761904762,blockchain.info-x-ecb
2014-07-28,441.9563760887366932181939999,blockchain.info-x-ecb
2014-07-29,439.3030009680542110358180058,blockchain.info-x-ecb
2014-07-30,436.9076934557122602790836505,blockchain.info-x-ecb
2014-07-31,421.0703341056880185365124449,blockchain.info-x-ecb
2014-08-01,434.5203434117207913400522583,blockchain.info-x-ecb
2014-08-02,444.7629712579320642030608436,blockchain.info-x-ecb
2014-08-03,440.1567749160134378499440090,blockchain.info-x-ecb
2014-08-04,434.9649828639547012367754433,blockchain.info-x-ecb
2014-08-05,439.7698400836945150201763563,blockchain.info-x-ecb
2014-08-06,436.0884226301985762457849382,blockchain.info-x-ecb
2014-08-07,435.9141232794733692399760622,blockchain.info-x-ecb
2014-08-08,436.9734090230056767254257544,blockchain.info-x-ecb
2014-08-09,439.9312817448461308634598148,blockchain.info-x-ecb
2014-08-10,440.3943830295787272184045414,blockchain.info-x-ecb
2014-08-11,441.3118183176453010608098013,blockchain.info-x-ecb
2014-08-12,430.0989060392627004345871422,blockchain.info-x-ecb
2014-08-13,425.9056886227544910179640719,blockchain.info-x-ecb
2014-08-14,411.2614970462872952964929335,blockchain.info-x-ecb
2014-08-15,376.8374663878099790857484314,blockchain.info-x-ecb
2014-08-16,373.7600836570062742754705707,blockchain.info-x-ecb
2014-08-17,391.3056468479235135942635196,blockchain.info-x-ecb
2014-08-18,372.2409026376746618844803108,blockchain.info-x-ecb
2014-08-19,355.6612251010933053766661674,blockchain.info-x-ecb
2014-08-20,368.8647997591087021981330924,blockchain.info-x-ecb
2014-08-21,391.2079625999095159101191374,blockchain.info-x-ecb
2014-08-22,392.7941509007311374086078239,blockchain.info-x-ecb
2014-08-23,388.7012889123388859576392553,blockchain.info-x-ecb
2014-08-24,373.3097158362855204643099420,blockchain.info-x-ecb
2014-08-25,384.8712121212121212121212121,blockchain.info-x-ecb
2014-08-26,380.1925409338993329290479078,blockchain.info-x-ecb
2014-08-27,390.0129012673597935797222433,blockchain.info-x-ecb
2014-08-28,388.3517984519653968735771741,blockchain.info-x-ecb
2014-08-29,384.1446769790718835304822566,blockchain.info-x-ecb
2014-08-30,386.1844100697603882317258113,blockchain.info-x-ecb
2014-08-31,379.8908098271155595996360328,blockchain.info-x-ecb
2014-09-01,364.6310820071575420695956750,blockchain.info-x-ecb
2014-09-02,363.2176896683187190240182997,blockchain.info-x-ecb
2014-09-03,360.0714774541859934605733404,blockchain.info-x-ecb
2014-09-04,364.5793315405301575105647330,blockchain.info-x-ecb
2014-09-05,377.5641025641025641025641026,blockchain.info-x-ecb
2014-09-06,375.2780352177942539388322521,blockchain.info-x-ecb
2014-09-07,370.3969725054062403459993821,blockchain.info-x-ecb
2014-09-08,368.0620993280296593805514791,blockchain.info-x-ecb
2014-09-09,362.6181987288792435281351728,blockchain.info-x-ecb
2014-09-10,366.1149354165055302034186712,blockchain.info-x-ecb
2014-09-11,369.5389851485148514851485149,blockchain.info-x-ecb
2014-09-12,369.4455185213827236872631660,blockchain.info-x-ecb
2014-09-13,367.0404454411878431675817802,blockchain.info-x-ecb
2014-09-14,368.8191168509782692753847344,blockchain.info-x-ecb
2014-09-15,367.3998915653318875377585005,blockchain.info-x-ecb
2014-09-16,363.6033670553710711251834118,blockchain.info-x-ecb
2014-09-17,357.6721210250077184316146959,blockchain.info-x-ecb
2014-09-18,352.6258545680546923555003108,blockchain.info-x-ecb
2014-09-19,331.1235605353252412075941488,blockchain.info-x-ecb
2014-09-20,307.8664799253034547152194211,blockchain.info-x-ecb
2014-09-21,320.3470276999688764394646748,blockchain.info-x-ecb
2014-09-22,312.3005060334760607240171273,blockchain.info-x-ecb
2014-09-23,310.2311511014582686937635743,blockchain.info-x-ecb
2014-09-24,343.0765632309371588959925152,blockchain.info-x-ecb
2014-09-25,333.2913782252989301447451227,blockchain.info-x-ecb
2014-09-26,322.1724787935909519321394910,blockchain.info-x-ecb
2014-09-27,317.8683631793905120955073830,blockchain.info-x-ecb
2014-09-28,314.4753377316996544140747722,blockchain.info-x-ecb
2014-09-29,295.4413038343437524604361861,blockchain.info-x-ecb
2014-09-30,297.1231025987443375983469761,blockchain.info-x-ecb
2014-10-01,309.5929540585574863127826708,blockchain.info-x-ecb
2014-10-02,304.0456020900957960573192938,blockchain.info-x-ecb
2014-10-03,297.8598604946100190234622701,blockchain.info-x-ecb
2014-10-04,284.4800253646163601775523145,blockchain.info-x-ecb
2014-10-05,260.2964489537095751426759670,blockchain.info-x-ecb
2014-10-06,257.8113808197373656983684839,blockchain.info-x-ecb
2014-10-07,259.8635678591258824462600143,blockchain.info-x-ecb
2014-10-08,264.1834717279557137208382760,blockchain.info-x-ecb
2014-10-09,279.7148005954712841808352268,blockchain.info-x-ecb
2014-10-10,287.7116632378540908371577781,blockchain.info-x-ecb
2014-10-11,285.5673366038930210476341193,blockchain.info-x-ecb
2014-10-12,286.3981642664978635860104447,blockchain.info-x-ecb
2014-10-13,300.3391434655729947156715829,blockchain.info-x-ecb
2014-10-14,309.9636248616163213664399810,blockchain.info-x-ecb
2014-10-15,317.7798831517448286751934312,blockchain.info-x-ecb
2014-10-16,309.7027217821005569064240333,blockchain.info-x-ecb
2014-10-17,299.3449270841456757389066521,blockchain.info-x-ecb
2014-10-18,298.7912345005069016610777509,blockchain.info-x-ecb
2014-10-19,304.9208453560009358184512205,blockchain.info-x-ecb
2014-10-20,304.8931339544351366163000078,blockchain.info-x-ecb
2014-10-21,298.9029932612443190722457295,blockchain.info-x-ecb
2014-10-22,304.0179626565823682344599385,blockchain.info-x-ecb
2014-10-23,303.1573131265293235456626411,blockchain.info-x-ecb
2014-10-24,282.1707875819575005924638597,blockchain.info-x-ecb
2014-10-25,283.1898254206493403902361956,blockchain.info-x-ecb
2014-10-26,274.1132790899755114937988783,blockchain.info-x-ecb
2014-10-27,280.2271472513605173909614323,blockchain.info-x-ecb
2014-10-28,275.2588641355506746156259805,blockchain.info-x-ecb
2014-10-29,279.3357933579335793357933579,blockchain.info-x-ecb
2014-10-30,266.1771709795205588188601365,blockchain.info-x-ecb
2014-10-31,275.7106355796870009581603322,blockchain.info-x-ecb
2014-11-01,269.7141488342382625359310125,blockchain.info-x-ecb
2014-11-02,259.1105078249760459916959438,blockchain.info-x-ecb
2014-11-03,259.6333947010325782438165373,blockchain.info-x-ecb
2014-11-04,260.8997922326993766980981301,blockchain.info-x-ecb
2014-11-05,264.6073717948717948717948718,blockchain.info-x-ecb
2014-11-06,270.5360709435168171287049613,blockchain.info-x-ecb
2014-11-07,282.3852174614701847817316227,blockchain.info-x-ecb
2014-11-08,276.1155491002985556362462681,blockchain.info-x-ecb
2014-11-09,279.9483579440006455256999919,blockchain.info-x-ecb
2014-11-10,293.0802498798654493032196060,blockchain.info-x-ecb
2014-11-11,294.4301352221506761107533806,blockchain.info-x-ecb
2014-11-12,296.3102590839817117189379963,blockchain.info-x-ecb
2014-11-13,337.3394348105330764290301863,blockchain.info-x-ecb
2014-11-14,337.7211321968478610485686716,blockchain.info-x-ecb
2014-11-15,320.9311675779993567063364426,blockchain.info-x-ecb
2014-11-16,303.1440977806368607269218398,blockchain.info-x-ecb
2014-11-17,311.9958386683738796414852753,blockchain.info-x-ecb
2014-11-18,310.7479622822438868467316605,blockchain.info-x-ecb
2014-11-19,299.0985241324291982449142401,blockchain.info-x-ecb
2014-11-20,302.2968338782997049206475796,blockchain.info-x-ecb
2014-11-21,286.9666720334889711801642248,blockchain.info-x-ecb
2014-11-22,281.9594268233778779584607954,blockchain.info-x-ecb
2014-11-23,284.2054419578167766865239092,blockchain.info-x-ecb
2014-11-24,295.8259468170829975825946817,blockchain.info-x-ecb
2014-11-25,301.4971023824855119124275596,blockchain.info-x-ecb
2014-11-26,301.5310621242484969939879760,blockchain.info-x-ecb
2014-11-27,293.9583333333333333333333333,blockchain.info-x-ecb
2014-11-28,296.3790755427381238484338701,blockchain.info-x-ecb
2014-11-29,301.9947128094208123047344388,blockchain.info-x-ecb
2014-11-30,300.8811984298646158775935272,blockchain.info-x-ecb
2014-12-01,301.5718983078033523137380704,blockchain.info-x-ecb
2014-12-02,303.7830006439150032195750161,blockchain.info-x-ecb
2014-12-03,307.8582434514637904468412943,blockchain.info-x-ecb
2014-12-04,305.4422873852652099748192673,blockchain.info-x-ecb
2014-12-05,298.2769778353017311114706358,blockchain.info-x-ecb
2014-12-06,304.1579032519009868953243812,blockchain.info-x-ecb
2014-12-07,303.3894191878336838699239605,blockchain.info-x-ecb
2014-12-08,306.7466144558655571871430902,blockchain.info-x-ecb
2014-12-09,293.4675398172851483547578624,blockchain.info-x-ecb
2014-12-10,283.9089735313105229180116204,blockchain.info-x-ecb
2014-12-11,280.6485355648535564853556485,blockchain.info-x-ecb
2014-12-12,280.2971887550200803212851406,blockchain.info-x-ecb
2014-12-13,282.8995983935742971887550201,blockchain.info-x-ecb
2014-12-14,282.5461847389558232931726908,blockchain.info-x-ecb
2014-12-15,287.9446322227587316916143570,blockchain.info-x-ecb
2014-12-16,277.5464624710855866634761107,blockchain.info-x-ecb
2014-12-17,264.9742930591259640102827763,blockchain.info-x-ecb
2014-12-18,261.5710215710215710215710216,blockchain.info-x-ecb
2014-12-19,254.3040964247902923690854304,blockchain.info-x-ecb
2014-12-20,259.4592393517387409398159459,blockchain.info-x-ecb
2014-12-21,269.9894128186334392051469989,blockchain.info-x-ecb
2014-12-22,261.0327106615547760828778856,blockchain.info-x-ecb
2014-12-23,271.8251043969540653402112503,blockchain.info-x-ecb
2014-12-24,275.7590637531712906129797856,blockchain.info-x-ecb
2014-12-25,264.8989278991734184466813978,blockchain.info-x-ecb
2014-12-26,261.7317292740813487192077911,blockchain.info-x-ecb
2014-12-27,270.0220967345936656027498159,blockchain.info-x-ecb
2014-12-28,258.6872902856207545625664948,blockchain.info-x-ecb
2014-12-29,260.2361236369599081741411823,blockchain.info-x-ecb
2014-12-30,257.7302631578947368421052632,blockchain.info-x-ecb
2014-12-31,256.1568239848447409603821761,blockchain.info-x-ecb
2015-01-01,264.3686681492463553249320484,blockchain.info-x-ecb
2015-01-02,261.4049655401478037033961637,blockchain.info-x-ecb
2015-01-03,262.8165739433695922942788342,blockchain.info-x-ecb
2015-01-04,236.7267292202939466910238313,blockchain.info-x-ecb
2015-01-05,220.8728493495593789341166597,blockchain.info-x-ecb
2015-01-06,230.2165519556823904649991607,blockchain.info-x-ecb
2015-01-07,242.8535204124756994336911504,blockchain.info-x-ecb
2015-01-08,253.2205982324949014276002719,blockchain.info-x-ecb
2015-01-09,240.8279014644882756285448235,blockchain.info-x-ecb
2015-01-10,246.1779395581139422669939897,blockchain.info-x-ecb
2015-01-11,233.6155083382713959197494286,blockchain.info-x-ecb
2015-01-12,228.4649271433412402575398170,blockchain.info-x-ecb
2015-01-13,226.6338482430826684773383127,blockchain.info-x-ecb
2015-01-14,188.5350318471337579617834395,blockchain.info-x-ecb
2015-01-15,146.9080970276733857191663820,blockchain.info-x-ecb
2015-01-16,181.4031756989989644459785986,blockchain.info-x-ecb
2015-01-17,179.6082153952364515015533310,blockchain.info-x-ecb
2015-01-18,172.3938557128063513979979289,blockchain.info-x-ecb
2015-01-19,182.6626454114605773373545885,blockchain.info-x-ecb
2015-01-20,186.5532429398048190690042318,blockchain.info-x-ecb
2015-01-21,181.7562322090916932631760545,blockchain.info-x-ecb
2015-01-22,193.3121019108280254777070064,blockchain.info-x-ecb
2015-01-23,208.5283086265404536524379353,blockchain.info-x-ecb
2015-01-24,208.7069119485622432577245937,blockchain.info-x-ecb
2015-01-25,222.6469012323629219503482765,blockchain.info-x-ecb
2015-01-26,226.1828530771967271433653504,blockchain.info-x-ecb
2015-01-27,242.7295241464709004068636122,blockchain.info-x-ecb
2015-01-28,232.2990126939351198871650212,blockchain.info-x-ecb
2015-01-29,208.7494476358815731330092797,blockchain.info-x-ecb
2015-01-30,208.7483414418398938522777532,blockchain.info-x-ecb
2015-01-31,200.7695709862892525431225122,blockchain.info-x-ecb
2015-02-01,193.9407341884122069880583812,blockchain.info-x-ecb
2015-02-02,200.6896551724137931034482759,blockchain.info-x-ecb
2015-02-03,209.1860056258790436005625879,blockchain.info-x-ecb
2015-02-04,198.7856019570155512842914555,blockchain.info-x-ecb
2015-02-05,198.6941279579316389132340053,blockchain.info-x-ecb
2015-02-06,189.5518476456713549401589936,blockchain.info-x-ecb
2015-02-07,194.2517690224512972831309513,blockchain.info-x-ecb
2015-02-08,200.3144928802306281121691273,blockchain.info-x-ecb
2015-02-09,198.6075388026607538802660754,blockchain.info-x-ecb
2015-02-10,194.6800035407630344339205099,blockchain.info-x-ecb
2015-02-11,194.7675446349655294325614283,blockchain.info-x-ecb
2015-02-12,193.8559322033898305084745763,blockchain.info-x-ecb
2015-02-13,195.3519022932958439504437220,blockchain.info-x-ecb
2015-02-14,208.1539407784904665670854934,blockchain.info-x-ecb
2015-02-15,226.2542834548809419207451015,blockchain.info-x-ecb
2015-02-16,205.2769985974754558204768583,blockchain.info-x-ecb
2015-02-17,205.4314498466929478756022777,blockchain.info-x-ecb
2015-02-18,215.6964474147027787548364404,blockchain.info-x-ecb
2015-02-19,208.5184859927988056555721437,blockchain.info-x-ecb
2015-02-20,213.6572844751283412993450168,blockchain.info-x-ecb
2015-02-21,217.5429279518498849353867941,blockchain.info-x-ecb
2015-02-22,217.2154363604177730571782616,blockchain.info-x-ecb
2015-02-23,208.8688263409453000531067446,blockchain.info-x-ecb
2015-02-24,210.8933615819209039548022599,blockchain.info-x-ecb
2015-02-25,211.4754098360655737704918033,blockchain.info-x-ecb
2015-02-26,210.2765750640629141998762923,blockchain.info-x-ecb
2015-02-27,210.4893238434163701067615658,blockchain.info-x-ecb
2015-02-28,224.2971530249110320284697509,blockchain.info-x-ecb
2015-03-01,225.5338078291814946619217082,blockchain.info-x-ecb
2015-03-02,228.9569787120334906920815890,blockchain.info-x-ecb
2015-03-03,247.0182664756446991404011461,blockchain.info-x-ecb
2015-03-04,251.2315713772024451636102122,blockchain.info-x-ecb
2015-03-05,243.9786791941458126298671967,blockchain.info-x-ecb
2015-03-06,249.1197664872753808264161270,blockchain.info-x-ecb
2015-03-07,248.4174039952567727811730366,blockchain.info-x-ecb
2015-03-08,252.3579312232053270090303749,blockchain.info-x-ecb
2015-03-09,253.2228360957642725598526703,blockchain.info-x-ecb
2015-03-10,267.2844105047494878003352580,blockchain.info-x-ecb
2015-03-11,274.1539043297409718283229344,blockchain.info-x-ecb
2015-03-12,279.4308866484500141336097239,blockchain.info-x-ecb
2015-03-13,278.9443813847900113507377980,blockchain.info-x-ecb
2015-03-14,269.6083995459704880817253121,blockchain.info-x-ecb
2015-03-15,266.9315172152856602345819145,blockchain.info-x-ecb
2015-03-16,271.6586151368760064412238325,blockchain.info-x-ecb
2015-03-17,272.0075223319228960977903150,blockchain.info-x-ecb
2015-03-18,268.5800604229607250755287009,blockchain.info-x-ecb
2015-03-19,240.6949517654771939683431676,blockchain.info-x-ecb
2015-03-20,242.5668151447661469933184855,blockchain.info-x-ecb
2015-03-21,243.2256867112100965107646622,blockchain.info-x-ecb
2015-03-22,241.2676317743132887899034892,blockchain.info-x-ecb
2015-03-23,245.3720674486803519061583578,blockchain.info-x-ecb
2015-03-24,242.9132420091324200913242009,blockchain.info-x-ecb
2015-03-25,223.0314064633591260810195721,blockchain.info-x-ecb
2015-03-26,225.1708739633646222546249886,blockchain.info-x-ecb
2015-03-27,229.5781134856300663227708180,blockchain.info-x-ecb
2015-03-28,228.0490051584377302873986735,blockchain.info-x-ecb
2015-03-29,233.0140014738393515106853353,blockchain.info-x-ecb
2015-03-30,223.4578146611341632088520055,blockchain.info-x-ecb
2015-03-31,230.5046937447718189422808811,blockchain.info-x-ecb
2015-04-01,226.5271966527196652719665272,blockchain.info-x-ecb
2015-04-02,227.5992613111726685133887350,blockchain.info-x-ecb
2015-04-03,233.8688827331486611265004617,blockchain.info-x-ecb
2015-04-04,234.8107109879963065558633426,blockchain.info-x-ecb
2015-04-05,234.2289935364727608494921514,blockchain.info-x-ecb
2015-04-06,240.5540166204986149584487535,blockchain.info-x-ecb
2015-04-07,235.2539872775882732552779570,blockchain.info-x-ecb
2015-04-08,233.7506904805744798379672252,blockchain.info-x-ecb
2015-04-09,227.3992945981065528123259699,blockchain.info-x-ecb
2015-04-10,229.8959318826868495742667928,blockchain.info-x-ecb
2015-04-11,223.2734153263954588457899716,blockchain.info-x-ecb
2015-04-12,223.6140018921475875118259224,blockchain.info-x-ecb
2015-04-13,224.1281273692191053828658074,blockchain.info-x-ecb
2015-04-14,211.1037485800833017796289284,blockchain.info-x-ecb
2015-04-15,204.3955005198979109556668872,blockchain.info-x-ecb
2015-04-16,207.7770516291662776584819345,blockchain.info-x-ecb
2015-04-17,210.3754392454226003329017940,blockchain.info-x-ecb
2015-04-18,205.8812650268170889587571666,blockchain.info-x-ecb
2015-04-19,206.5933049750323654521916035,blockchain.info-x-ecb
2015-04-20,207.6004849389163480369299636,blockchain.info-x-ecb
2015-04-21,209.6168224299065420560747664,blockchain.info-x-ecb
2015-04-22,219.5383040119147351763939309,blockchain.info-x-ecb
2015-04-23,216.8492387671741552172298552,blockchain.info-x-ecb
2015-04-24,218.0155210643015521064301552,blockchain.info-x-ecb
2015-04-25,213.5624538063562453806356245,blockchain.info-x-ecb
2015-04-26,209.0631929046563192904656319,blockchain.info-x-ecb
2015-04-27,202.8460543337645536869340233,blockchain.info-x-ecb
2015-04-28,207.7514413837283792440743113,blockchain.info-x-ecb
2015-04-29,204.6900563533902926740592620,blockchain.info-x-ecb
2015-04-30,201.1769950958537672759696835,blockchain.info-x-ecb
2015-05-01,210.4057066428889879625501560,blockchain.info-x-ecb
2015-05-02,205.9473918858671422202407490,blockchain.info-x-ecb
2015-05-03,208.4440481497993758359340169,blockchain.info-x-ecb
2015-05-04,214.7327833572453371592539455,blockchain.info-x-ecb
2015-05-05,214.3114149500764594764774669,blockchain.info-x-ecb
2015-05-06,210.0356188780053428317008014,blockchain.info-x-ecb
2015-05-07,202.5563909774436090225563910,blockchain.info-x-ecb
2015-05-08,211.3537117903930131004366812,blockchain.info-x-ecb
2015-05-09,216.7721236966402281436592104,blockchain.info-x-ecb
2015-05-10,215.8363782194100347562605828,blockchain.info-x-ecb
2015-05-11,214.6024053132292227607251840,blockchain.info-x-ecb
2015-05-12,214.3874010143251178930509832,blockchain.info-x-ecb
2015-05-13,214.8649852954282149541039123,blockchain.info-x-ecb
2015-05-14,206.6468167089937822926701112,blockchain.info-x-ecb
2015-05-15,209.3043785310734463276836158,blockchain.info-x-ecb
2015-05-16,209.5427259887005649717514124,blockchain.info-x-ecb
2015-05-17,208.8894774011299435028248588,blockchain.info-x-ecb
2015-05-18,207.0682237246465888137676706,blockchain.info-x-ecb
2015-05-19,208.2379248658318425760286225,blockchain.info-x-ecb
2015-05-20,208.1309588055405648497931283,blockchain.info-x-ecb
2015-05-21,210.2847390640438336477140034,blockchain.info-x-ecb
2015-05-22,210.4980293801504836975994267,blockchain.info-x-ecb
2015-05-23,213.9018273020422787531350770,blockchain.info-x-ecb
2015-05-24,212.9702615549982085274095306,blockchain.info-x-ecb
2015-05-25,218.2091455638549826926580434,blockchain.info-x-ecb
2015-05-26,215.6232839099395936298736958,blockchain.info-x-ecb
2015-05-27,216.9566418116542391604529136,blockchain.info-x-ecb
2015-05-28,215.9599853157121879588839941,blockchain.info-x-ecb
2015-05-29,215.5332725615314494074749316,blockchain.info-x-ecb
2015-05-30,214.8769371011850501367365542,blockchain.info-x-ecb
2015-05-31,211.7593436645396536007292616,blockchain.info-x-ecb
2015-06-01,208.6440058479532163742690058,blockchain.info-x-ecb
2015-06-02,202.6656995194487260857738689,blockchain.info-x-ecb
2015-06-03,202.2543560265852344171007724,blockchain.info-x-ecb
2015-06-04,199.1693911814085004859945215,blockchain.info-x-ecb
2015-06-05,198.6806917454091638438224282,blockchain.info-x-ecb
2015-06-06,200.3565697985380638259939383,blockchain.info-x-ecb
2015-06-07,200.5615974326974505259404528,blockchain.info-x-ecb
2015-06-08,199.1399390790180971152123275,blockchain.info-x-ecb
2015-06-09,202.3824339941328118054938217,blockchain.info-x-ecb
2015-06-10,202.9257912935543931199574430,blockchain.info-x-ecb
2015-06-11,202.8133903133903133903133903,blockchain.info-x-ecb
2015-06-12,204.1265597147950089126559715,blockchain.info-x-ecb
2015-06-13,204.6345811051693404634581105,blockchain.info-x-ecb
2015-06-14,206.3279857397504456327985740,blockchain.info-x-ecb
2015-06-15,206.8728828668211802460331610,blockchain.info-x-ecb
2015-06-16,210.4324565314311190370040125,blockchain.info-x-ecb
2015-06-17,221.6331235038567248869580637,blockchain.info-x-ecb
2015-06-18,216.9852683269028411083830235,blockchain.info-x-ecb
2015-06-19,219.7185591645278343216213824,blockchain.info-x-ecb
2015-06-20,215.8155588990176121780688557,blockchain.info-x-ecb
2015-06-21,216.6120895654482697583856978,blockchain.info-x-ecb
2015-06-22,214.6760687527545174085500220,blockchain.info-x-ecb
2015-06-23,220.2516958229203855765797929,blockchain.info-x-ecb
2015-06-24,217.4797110496744849727994292,blockchain.info-x-ecb
2015-06-25,214.3494556487595930751383188,blockchain.info-x-ecb
2015-06-26,216.1042670951615782895911444,blockchain.info-x-ecb
2015-06-27,216.9076950544545616854133191,blockchain.info-x-ecb
2015-06-28,224.2545973933226209605427602,blockchain.info-x-ecb
2015-06-29,223.2731518907751729093685440,blockchain.info-x-ecb
2015-06-30,228.8408258110644382876038967,blockchain.info-x-ecb
2015-07-01,236.4234234234234234234234234,blockchain.info-x-ecb
2015-07-02,232.9477679378275799746972709,blockchain.info-x-ecb
2015-07-03,229.5241528478731074260994953,blockchain.info-x-ecb
2015-07-04,230.8219178082191780821917808,blockchain.info-x-ecb
2015-07-05,234.6160778658976207642393655,blockchain.info-x-ecb
2015-07-06,246.4934593023255813953488372,blockchain.info-x-ecb
2015-07-07,245.6591345714024334461622907,blockchain.info-x-ecb
2015-07-08,241.1375181422351233671988389,blockchain.info-x-ecb
2015-07-09,244.5359146010493938845666727,blockchain.info-x-ecb
2015-07-10,240.5006705409029950827000447,blockchain.info-x-ecb
2015-07-11,254.7340187751452838623156013,blockchain.info-x-ecb
2015-07-12,260.7420652659812248547161377,blockchain.info-x-ecb
2015-07-13,281.0661598334690922255407729,blockchain.info-x-ecb
2015-07-14,264.6541564681352551899193183,blockchain.info-x-ecb
2015-07-15,261.5314742483422654192024707,blockchain.info-x-ecb
2015-07-16,262.8692371399650317474924082,blockchain.info-x-ecb
2015-07-17,255.1014785563412618238589402,blockchain.info-x-ecb
2015-07-18,256.6167692166406465240150611,blockchain.info-x-ecb
2015-07-19,254.1463862613646799522453853,blockchain.info-x-ecb
2015-07-20,253.8426096572060449686693697,blockchain.info-x-ecb
2015-07-21,256.7497929511364682064967332,blockchain.info-x-ecb
2015-07-22,253.8616767565584296459365254,blockchain.info-x-ecb
2015-07-23,252.7229748158923538503500318,blockchain.info-x-ecb
2015-07-24,252.8476094707011609836365298,blockchain.info-x-ecb
2015-07-25,264.1923393363195904561660115,blockchain.info-x-ecb
2015-07-26,263.9912240607002468232928056,blockchain.info-x-ecb
2015-07-27,264.8037619822752758184120094,blockchain.info-x-ecb
2015-07-28,266.6031746031746031746031746,blockchain.info-x-ecb
2015-07-29,266.4732547597461468721668178,blockchain.info-x-ecb
2015-07-30,264.9018712916476494751255135,blockchain.info-x-ecb
2015-07-31,263.0163216923497766025348774,blockchain.info-x-ecb
2015-08-01,259.2413604449712774687699462,blockchain.info-x-ecb
2015-08-02,256.1776237804322057080331905,blockchain.info-x-ecb
2015-08-03,257.7481508538033056341886586,blockchain.info-x-ecb
2015-08-04,256.1924724323339105076095872,blockchain.info-x-ecb
2015-08-05,261.8763208674078838555545346,blockchain.info-x-ecb
2015-08-06,258.1534221405604042259990813,blockchain.info-x-ecb
2015-08-07,253.2492459555799287085275569,blockchain.info-x-ecb
2015-08-08,255.2965908052280413124942875,blockchain.info-x-ecb
2015-08-09,239.6673064619321817018554063,blockchain.info-x-ecb
2015-08-10,241.8339416058394160583941606,blockchain.info-x-ecb
2015-08-11,239.2311171415649027589326097,blockchain.info-x-ecb
2015-08-12,242.9224562976243836844464366,blockchain.info-x-ecb
2015-08-13,240.8227563237015032856242686,blockchain.info-x-ecb
2015-08-14,236.7558857756691433175185749,blockchain.info-x-ecb
2015-08-15,238.0538895354041715155312864,blockchain.info-x-ecb
2015-08-16,234.0256020051920150389401128,blockchain.info-x-ecb
2015-08-17,230.7297297297297297297297297,blockchain.info-x-ecb
2015-08-18,232.0614828209764918625678119,blockchain.info-x-ecb
2015-08-19,201.1683724300335114572955348,blockchain.info-x-ecb
2015-08-20,202.3160153804882410802110346,blockchain.info-x-ecb
2015-08-21,208.5896640368761634606861094,blockchain.info-x-ecb
2015-08-22,206.9763318854711461749844872,blockchain.info-x-ecb
2015-08-23,204.7690807552521939544366634,blockchain.info-x-ecb
2015-08-24,198.4343741845698877968165608,blockchain.info-x-ecb
2015-08-25,183.3478185294628889275160786,blockchain.info-x-ecb
2015-08-26,194.8166988247675846342746887,blockchain.info-x-ecb
2015-08-27,199.4328252392768521800779865,blockchain.info-x-ecb
2015-08-28,199.7781327653532126375576855,blockchain.info-x-ecb
2015-08-29,205.4668086616968406105786297,blockchain.info-x-ecb
2015-08-30,203.7894923677671281505147320,blockchain.info-x-ecb
2015-08-31,203.6469014712438698172090950,blockchain.info-x-ecb
2015-09-01,204.9216803132787468850124600,blockchain.info-x-ecb
2015-09-02,202.5499777876499333629498001,blockchain.info-x-ecb
2015-09-03,204.1677798557306973016297088,blockchain.info-x-ecb
2015-09-04,204.0222661159992817381935716,blockchain.info-x-ecb
2015-09-05,207.1556832465433650565631173,blockchain.info-x-ecb
2015-09-06,211.6537978093014903932483390,blockchain.info-x-ecb
2015-09-07,215.5033195765296967521980980,blockchain.info-x-ecb
2015-09-08,215.4363017380397778175954130,blockchain.info-x-ecb
2015-09-09,219.2387108358021366370410270,blockchain.info-x-ecb
2015-09-10,213.0531962449709432275368797,blockchain.info-x-ecb
2015-09-11,211.9364572239971600993965211,blockchain.info-x-ecb
2015-09-12,212.9392971246006389776357827,blockchain.info-x-ecb
2015-09-13,208.3155839545615903443379482,blockchain.info-x-ecb
2015-09-14,203.4498009730207872622733304,blockchain.info-x-ecb
2015-09-15,202.9240282685512367491166078,blockchain.info-x-ecb
2015-09-16,204.4353402208763804773779836,blockchain.info-x-ecb
2015-09-17,201.8475954738330975954738331,blockchain.info-x-ecb
2015-09-18,203.3190296873631666520711096,blockchain.info-x-ecb
2015-09-19,203.6255363867238812505473334,blockchain.info-x-ecb
2015-09-20,201.6376215080129608547158245,blockchain.info-x-ecb
2015-09-21,204.5866666666666666666666667,blockchain.info-x-ecb
2015-09-22,202.8417749887942626624831914,blockchain.info-x-ecb
2015-09-23,206.6547085201793721973094170,blockchain.info-x-ecb
2015-09-24,204.0921626189840761498087359,blockchain.info-x-ecb
2015-09-25,209.8466505246166263115415658,blockchain.info-x-ecb
2015-09-26,210.9407228051295847906017398,blockchain.info-x-ecb
2015-09-27,209.8376827190386512420410725,blockchain.info-x-ecb
2015-09-28,208.0662488809310653536257833,blockchain.info-x-ecb
2015-09-29,213.4416279900035701535166012,blockchain.info-x-ecb
2015-09-30,211.4969204677318575381594216,blockchain.info-x-ecb
2015-10-01,211.7546848381601362862010221,blockchain.info-x-ecb
2015-10-02,213.2885304659498207885304659,blockchain.info-x-ecb
2015-10-03,213.0555555555555555555555556,blockchain.info-x-ecb
2015-10-04,214.2383512544802867383512545,blockchain.info-x-ecb
2015-10-05,212.1751512993948024207903168,blockchain.info-x-ecb
2015-10-06,214.3620812544547398431931575,blockchain.info-x-ecb
2015-10-07,219.0662169359133676548908219,blockchain.info-x-ecb
2015-10-08,215.9321130264794739648125111,blockchain.info-x-ecb
2015-10-09,213.8795986622073578595317726,blockchain.info-x-ecb
2015-10-10,215.1821862348178137651821862,blockchain.info-x-ecb
2015-10-11,216.2647421228656926597430030,blockchain.info-x-ecb
2015-10-12,218.0954893168029543656027433,blockchain.info-x-ecb
2015-10-13,215.8431510462458238086864779,blockchain.info-x-ecb
2015-10-14,219.0885188431200701139351446,blockchain.info-x-ecb
2015-10-15,220.7098522598129207098522598,blockchain.info-x-ecb
2015-10-16,224.0316901408450704225352113,blockchain.info-x-ecb
2015-10-17,230.8626760563380281690140845,blockchain.info-x-ecb
2015-10-18,237.7112676056338028169014085,blockchain.info-x-ecb
2015-10-19,230.3361863584223065384276008,blockchain.info-x-ecb
2015-10-20,231.7682229842609689615756617,blockchain.info-x-ecb
2015-10-21,238.4622159591333450766249780,blockchain.info-x-ecb
2015-10-22,236.8690886590647927163440290,blockchain.info-x-ecb
2015-10-23,247.5189462287982677733670155,blockchain.info-x-ecb
2015-10-24,251.3713460844460483579935042,blockchain.info-x-ecb
2015-10-25,255.0613496932515337423312883,blockchain.info-x-ecb
2015-10-26,256.8340750158931977113795296,blockchain.info-x-ecb
2015-10-27,259.1899466594340475544706627,blockchain.info-x-ecb
2015-10-28,266.4411366711772665764546685,blockchain.info-x-ecb
2015-10-29,278.8563586459286367795059469,blockchain.info-x-ecb
2015-10-30,285.7492965417082690387582827,blockchain.info-x-ecb
2015-10-31,297.8760098030316783153308523,blockchain.info-x-ecb
2015-11-01,281.5467005536897522011436870,blockchain.info-x-ecb
2015-11-02,295.3136330674401740391588107,blockchain.info-x-ecb
2015-11-03,329.3913994169096209912536443,blockchain.info-x-ecb
2015-11-04,369.9131229995427526291723823,blockchain.info-x-ecb
2015-11-05,374.8966277680786547826885969,blockchain.info-x-ecb
2015-11-06,355.3387334315169366715758468,blockchain.info-x-ecb
2015-11-07,343.9709131075110456553755523,blockchain.info-x-ecb
2015-11-08,356.2407952871870397643593520,blockchain.info-x-ecb
2015-11-09,344.3578322197475872308834447,blockchain.info-x-ecb
2015-11-10,355.3543086546540939221361217,blockchain.info-x-ecb
2015-11-11,313.8204553938036580813736469,blockchain.info-x-ecb
2015-11-12,288.0663807570389707253402946,blockchain.info-x-ecb
2015-11-13,316.6202155332590115198810851,blockchain.info-x-ecb
2015-11-14,313.0713489409141583054626533,blockchain.info-x-ecb
2015-11-15,308.4912671869193608324043107,blockchain.info-x-ecb
2015-11-16,297.4633964375641145201902453,blockchain.info-x-ecb
2015-11-17,309.9531396438612933458294283,blockchain.info-x-ecb
2015-11-18,315.0290643165197824864054003,blockchain.info-x-ecb
2015-11-19,312.2110975952091325909984093,blockchain.info-x-ecb
2015-11-20,304.9214071856287425149700599,blockchain.info-x-ecb
2015-11-21,301.3847305389221556886227545,blockchain.info-x-ecb
2015-11-22,305.3050149700598802395209581,blockchain.info-x-ecb
2015-11-23,304.5621296209199510864453015,blockchain.info-x-ecb
2015-11-24,303.7085719650737019998122242,blockchain.info-x-ecb
2015-11-25,301.9459663706782542981296051,blockchain.info-x-ecb
2015-11-26,309.9321522804372408594044478,blockchain.info-x-ecb
2015-11-27,336.7958412098298676748582231,blockchain.info-x-ecb
2015-11-28,338.3742911153119092627599244,blockchain.info-x-ecb
2015-11-29,336.8620037807183364839319471,blockchain.info-x-ecb
2015-11-30,350.6947726628225730220247660,blockchain.info-x-ecb
2015-12-01,355.9150943396226415094339623,blockchain.info-x-ecb
2015-12-02,341.6698077647945721824349793,blockchain.info-x-ecb
2015-12-03,336.5007965514009933464530035,blockchain.info-x-ecb
2015-12-04,331.5630159603742432581177766,blockchain.info-x-ecb
2015-12-05,333.6818932305998899284534948,blockchain.info-x-ecb
2015-12-06,354.9348743349844065309117593,blockchain.info-x-ecb
2015-12-07,358.3125173466555648071051901,blockchain.info-x-ecb
2015-12-08,363.0988505747126436781609195,blockchain.info-x-ecb
2015-12-09,378.0276025957407915181427657,blockchain.info-x-ecb
2015-12-10,380.5994699808096500045691310,blockchain.info-x-ecb
2015-12-11,379.1324200913242009132420091,blockchain.info-x-ecb
2015-12-12,411.7534246575342465753424658,blockchain.info-x-ecb
2015-12-13,398.3561643835616438356164384,blockchain.info-x-ecb
2015-12-14,394.6007466083947919511973049,blockchain.info-x-ecb
2015-12-15,403.8034576888080072793448590,blockchain.info-x-ecb
2015-12-16,424.3848897832250983261684807,blockchain.info-x-ecb
2015-12-17,420.1365187713310580204778157,blockchain.info-x-ecb
2015-12-18,421.3547434477667035806570690,blockchain.info-x-ecb
2015-12-19,427.2794389073458840900701366,blockchain.info-x-ecb
2015-12-20,426.1258767072720561092654116,blockchain.info-x-ecb
2015-12-21,407.1205151793928242870285189,blockchain.info-x-ecb
2015-12-22,400.2465303140978816654492330,blockchain.info-x-ecb
2015-12-23,398.7541223891535360938072554,blockchain.info-x-ecb
2015-12-24,404.2568740294144514478852654,blockchain.info-x-ecb
2015-12-25,416.5524801315428884625924911,blockchain.info-x-ecb
2015-12-26,416.0957339910477756462957888,blockchain.info-x-ecb
2015-12-27,381.0267653238330136110349868,blockchain.info-x-ecb
2015-12-28,385.3493887976646597336252509,blockchain.info-x-ecb
2015-12-29,384.3772826880934989043097151,blockchain.info-x-ecb
2015-12-30,396.5129049972542559033498078,blockchain.info-x-ecb
2015-12-31,393.3406815467989345090474878,blockchain.info-x-ecb
2016-01-01,395.7839625241113254340038578,blockchain.info-x-ecb
2016-01-02,399.3294755212638927160834022,blockchain.info-x-ecb
2016-01-03,397.5016074216956002571874713,blockchain.info-x-ecb
2016-01-04,395.2835382639016333272160029,blockchain.info-x-ecb
2016-01-05,404.0294062907128233761399591,blockchain.info-x-ecb
2016-01-06,402.5600446844163098119530814,blockchain.info-x-ecb
2016-01-07,394.9760765550239234449760766,blockchain.info-x-ecb
2016-01-08,422.2999723782340484301629684,blockchain.info-x-ecb
2016-01-09,416.7572046772857011324924040,blockchain.info-x-ecb
2016-01-10,412.9177792100174937851026609,blockchain.info-x-ecb
2016-01-11,411.8570903747244673034533431,blockchain.info-x-ecb
2016-01-12,413.4182355112587670727205611,blockchain.info-x-ecb
2016-01-13,404.0310650887573964497041420,blockchain.info-x-ecb
2016-01-14,397.1633158909391352244560727,blockchain.info-x-ecb
2016-01-15,393.5770569910207073483599047,blockchain.info-x-ecb
2016-01-16,333.2875206157229246838922485,blockchain.info-x-ecb
2016-01-17,355.3875755909840571742715778,blockchain.info-x-ecb
2016-01-18,349.0268086669114946749908189,blockchain.info-x-ecb
2016-01-19,354.7018770702981229297018771,blockchain.info-x-ecb
2016-01-20,346.0254882185752269184927111,blockchain.info-x-ecb
2016-01-21,385.8900211144771871844303681,blockchain.info-x-ecb
2016-01-22,378.9970392301998519615099926,blockchain.info-x-ecb
2016-01-23,352.9792746113989637305699482,blockchain.info-x-ecb
2016-01-24,356.3008882309400444115470022,blockchain.info-x-ecb
2016-01-25,372.8062875635691169671752196,blockchain.info-x-ecb
2016-01-26,360.7271385069668727507612808,blockchain.info-x-ecb
2016-01-27,359.7171197648787656135194710,blockchain.info-x-ecb
2016-01-28,361.6986150600752086581674768,blockchain.info-x-ecb
2016-01-29,347.8205128205128205128205128,blockchain.info-x-ecb
2016-01-30,346.3186813186813186813186813,blockchain.info-x-ecb
2016-01-31,344.8717948717948717948717949,blockchain.info-x-ecb
2016-02-01,337.9823594266813671444321940,blockchain.info-x-ecb
2016-02-02,340.6813810788533748511768477,blockchain.info-x-ecb
2016-02-03,341.2146711789993597365773347,blockchain.info-x-ecb
2016-02-04,328.8059967874353025165090130,blockchain.info-x-ecb
2016-02-05,346.3667202285306195322263881,blockchain.info-x-ecb
2016-02-06,342.8584181396179253704695590,blockchain.info-x-ecb
2016-02-07,335.0205320478485984645599000,blockchain.info-x-ecb
2016-02-08,337.8074047383118637960544095,blockchain.info-x-ecb
2016-02-09,330.6781772872908508365966536,blockchain.info-x-ecb
2016-02-10,331.7580172337212401172603713,blockchain.info-x-ecb
2016-02-11,334.1323697893716400810786992,blockchain.info-x-ecb
2016-02-12,335.2727272727272727272727273,blockchain.info-x-ecb
2016-02-13,339.3525498891352549889135255,blockchain.info-x-ecb
2016-02-14,345.7915742793791574279379157,blockchain.info-x-ecb
2016-02-15,362.3255813953488372093023256,blockchain.info-x-ecb
2016-02-16,357.5228371843095110155830199,blockchain.info-x-ecb
2016-02-17,365.4813218390804597701149425,blockchain.info-x-ecb
2016-02-18,374.2962829303500541320822808,blockchain.info-x-ecb
2016-02-19,378.9924297043979812545061283,blockchain.info-x-ecb
2016-02-20,378.4967555875991348233597693,blockchain.info-x-ecb
2016-02-21,392.2043979812545061283345350,blockchain.info-x-ecb
2016-02-22,397.2428804643569744240885180,blockchain.info-x-ecb
2016-02-23,396.9823668423922923104890020,blockchain.info-x-ecb
2016-02-24,381.7958291594572443311173846,blockchain.info-x-ecb
2016-02-25,384.3203047066291829146640065,blockchain.info-x-ecb
2016-02-26,384.7537706705433399963656188,blockchain.info-x-ecb
2016-02-27,390.6959840087225149918226422,blockchain.info-x-ecb
2016-02-28,392.1406505542431401053970562,blockchain.info-x-ecb
2016-02-29,396.6660543717854518736223365,blockchain.info-x-ecb
2016-03-01,401.7200147167034584253127299,blockchain.info-x-ecb
2016-03-02,399.4657332350773765659543110,blockchain.info-x-ecb
2016-03-03,387.5791211815429777084671131,blockchain.info-x-ecb
2016-03-04,382.9170464904284412032816773,blockchain.info-x-ecb
2016-03-05,372.2880583409298085688240656,blockchain.info-x-ecb
2016-03-06,363.8742023701002734731084777,blockchain.info-x-ecb
2016-03-07,370.3916735141057244590523144,blockchain.info-x-ecb
2016-03-08,373.9299963728690605730866884,blockchain.info-x-ecb
2016-03-09,375.6037546705549986330082931,blockchain.info-x-ecb
2016-03-10,380.2523717417334438611034356,blockchain.info-x-ecb
2016-03-11,375.1127141568981064021641118,blockchain.info-x-ecb
2016-03-12,378.8187556357078449053201082,blockchain.info-x-ecb
2016-03-13,369.6122633002705139765554554,blockchain.info-x-ecb
2016-03-14,371.3013760230236532062235813,blockchain.info-x-ecb
2016-03-15,373.5619767755873615987037537,blockchain.info-x-ecb
2016-03-16,375.7230657989877078814172090,blockchain.info-x-ecb
2016-03-17,368.3493943948368844487666873,blockchain.info-x-ecb
2016-03-18,371.0346661938115081124213139,blockchain.info-x-ecb
2016-03-19,361.6987321571061264296480184,blockchain.info-x-ecb
2016-03-20,362.7183260927387179714513698,blockchain.info-x-ecb
2016-03-21,365.3713068937982432792121373,blockchain.info-x-ecb
2016-03-22,367.4188369603995718872636461,blockchain.info-x-ecb
2016-03-23,372.7419210455644078417330588,blockchain.info-x-ecb
2016-03-24,374.7175901022054868208714363,blockchain.info-x-ecb
2016-03-25,372.2162452931683700914470145,blockchain.info-x-ecb
2016-03-26,372.9424421732114039806347499,blockchain.info-x-ecb
2016-03-27,373.8210507441276672045902815,blockchain.info-x-ecb
2016-03-28,381.0292271830733369194907656,blockchain.info-x-ecb
2016-03-29,377.7559406825084866892978381,blockchain.info-x-ecb
2016-03-30,367.2112327799364182267749912,blockchain.info-x-ecb
2016-03-31,363.4079929732103645147123408,blockchain.info-x-ecb
2016-04-01,362.8673897830650804758572428,blockchain.info-x-ecb
2016-04-02,364.1620013995801259622113366,blockchain.info-x-ecb
2016-04-03,366.6287613715885234429671099,blockchain.info-x-ecb
2016-04-04,367.7592267135325131810193322,blockchain.info-x-ecb
2016-04-05,369.2355062901381191167414445,blockchain.info-x-ecb
2016-04-06,371.9654199011997177134791814,blockchain.info-x-ecb
2016-04-07,370.9961281239000351988736360,blockchain.info-x-ecb
2016-04-08,369.5766962949925195810965414,blockchain.info-x-ecb
2016-04-09,367.7373932940244653700607234,blockchain.info-x-ecb
2016-04-10,368.3710287776115462465898090,blockchain.info-x-ecb
2016-04-11,369.4029850746268656716417910,blockchain.info-x-ecb
2016-04-12,370.8581958581958581958581959,blockchain.info-x-ecb
2016-04-13,376.7835015046910957691626837,blockchain.info-x-ecb
2016-04-14,376.7063633131887664415215073,blockchain.info-x-ecb
2016-04-15,376.0900389932647997164126196,blockchain.info-x-ecb
2016-04-16,380.5831265508684863523573201,blockchain.info-x-ecb
2016-04-17,381.5845444877702942219071251,blockchain.info-x-ecb
2016-04-18,377.9497611887493366354148240,blockchain.info-x-ecb
2016-04-19,376.8138940315613153486731905,blockchain.info-x-ecb
2016-04-20,383.1180244309693294665612092,blockchain.info-x-ecb
2016-04-21,389.0973139586085424922941435,blockchain.info-x-ecb
2016-04-22,400.4261741987037201456095179,blockchain.info-x-ecb
2016-04-23,397.4962265826156441445440824,blockchain.info-x-ecb
2016-04-24,401.2430080795525170913610938,blockchain.info-x-ecb
2016-04-25,408.4073153409090909090909091,blockchain.info-x-ecb
2016-04-26,409.7634446708602817400549305,blockchain.info-x-ecb
2016-04-27,413.6512430328231442979739892,blockchain.info-x-ecb
2016-04-28,392.0496566296883254094030639,blockchain.info-x-ecb
2016-04-29,394.6154520740156099272121372,blockchain.info-x-ecb
2016-04-30,399.8684556695606419363325441,blockchain.info-x-ecb
2016-05-01,393.6157151626764886433394721,blockchain.info-x-ecb
2016-05-02,394.1529626729313495170973636,blockchain.info-x-ecb
2016-05-03,383.6459503846486299593741896,blockchain.info-x-ecb
2016-05-04,391.6644936983920034767492395,blockchain.info-x-ecb
2016-05-05,390.6285514468047906285514468,blockchain.info-x-ecb
2016-05-06,393.2528222630611709110002625,blockchain.info-x-ecb
2016-05-07,401.6627286251859630699221143,blockchain.info-x-ecb
2016-05-08,401.6977334383477728187625799,blockchain.info-x-ecb
2016-05-09,402.2027204914436156208863537,blockchain.info-x-ecb
2016-05-10,404.9758241758241758241758242,blockchain.info-x-ecb
2016-05-11,395.1091243754930318169865895,blockchain.info-x-ecb
2016-05-12,397.6117306172622706119940293,blockchain.info-x-ecb
2016-05-13,400.2996122664786746563271061,blockchain.info-x-ecb
2016-05-14,401.6743038420867113147691223,blockchain.info-x-ecb
2016-05-15,402.1060979908353894959464223,blockchain.info-x-ecb
2016-05-16,403.8678912045213705404450724,blockchain.info-x-ecb
2016-05-17,401.1309418625198798374271073,blockchain.info-x-ecb
2016-05-18,401.7022785707952832697934214,blockchain.info-x-ecb
2016-05-19,404.5637224256497276056086452,blockchain.info-x-ecb
2016-05-20,388.6710045458597022907567519,blockchain.info-x-ecb
2016-05-21,394.4380069524913093858632677,blockchain.info-x-ecb
2016-05-22,395.0530350298600588287726179,blockchain.info-x-ecb
2016-05-23,390.9674543022737405260811413,blockchain.info-x-ecb
2016-05-24,396.6601002865329512893982808,blockchain.info-x-ecb
2016-05-25,398.4389018481966624798133860,blockchain.info-x-ecb
2016-05-26,401.7729226361031518624641834,blockchain.info-x-ecb
2016-05-27,404.7725644699140401146131805,blockchain.info-x-ecb
2016-05-28,420.8273638968481375358166189,blockchain.info-x-ecb
2016-05-29,471.5616045845272206303724928,blockchain.info-x-ecb
2016-05-30,459.0178651584522847652392495,blockchain.info-x-ecb
2016-05-31,471.9562488793258024027254796,blockchain.info-x-ecb
2016-06-01,476.0783962770717737605154824,blockchain.info-x-ecb
2016-06-02,481.2030747229174115123346443,blockchain.info-x-ecb
2016-06-03,482.3381746458669535592612516,blockchain.info-x-ecb
2016-06-04,509.1267706652322036937421553,blockchain.info-x-ecb
2016-06-05,514.4791106329567868029406491,blockchain.info-x-ecb
2016-06-06,505.6921314653273416160014098,blockchain.info-x-ecb
2016-06-07,514.3813887909763835037010927,blockchain.info-x-ecb
2016-06-08,508.0594129020917560203902268,blockchain.info-x-ecb
2016-06-09,514.0615357489200387904434453,blockchain.info-x-ecb
2016-06-10,508.0679405520169851380042463,blockchain.info-x-ecb
2016-06-11,511.2791932059447983014861996,blockchain.info-x-ecb
2016-06-12,537.8715498938428874734607219,blockchain.info-x-ecb
2016-06-13,590.9211927582534611288604899,blockchain.info-x-ecb
2016-06-14,627.6169265033407572383073497,blockchain.info-x-ecb
2016-06-15,610.1424755120213713268032057,blockchain.info-x-ecb
2016-06-16,620.9772686593878646858779309,blockchain.info-x-ecb
2016-06-17,679.7583081570996978851963746,blockchain.info-x-ecb
2016-06-18,663.4352230318109116758485872,blockchain.info-x-ecb
2016-06-19,668.1713168651146259107872756,blockchain.info-x-ecb
2016-06-20,670.0935404165195905400635369,blockchain.info-x-ecb
2016-06-21,639.9505038006010252784161216,blockchain.info-x-ecb
2016-06-22,588.9036603740140033678986085,blockchain.info-x-ecb
2016-06-23,520.5110194046887347440512775,blockchain.info-x-ecb
2016-06-24,562.1543466473883968913789987,blockchain.info-x-ecb
2016-06-25,600.9398156515452738116754021,blockchain.info-x-ecb
2016-06-26,596.8190854870775347912524851,blockchain.info-x-ecb
2016-06-27,573.0041825786506637570467358,blockchain.info-x-ecb
2016-06-28,588.6841867605888196514043168,blockchain.info-x-ecb
2016-06-29,581.7403065825067628494138864,blockchain.info-x-ecb
2016-06-30,572.8607458115654836966312376,blockchain.info-x-ecb
2016-07-01,599.8652896273013022002694207,blockchain.info-x-ecb
2016-07-02,606.7624607094746295464750786,blockchain.info-x-ecb
2016-07-03,629.9146834306241580601706331,blockchain.info-x-ecb
2016-07-04,589.8455737116178847189800682,blockchain.info-x-ecb
2016-07-05,611.8607572223219092050959986,blockchain.info-x-ecb
2016-07-06,603.4872165507272563013822387,blockchain.info-x-ecb
2016-07-07,608.0866425992779783393501805,blockchain.info-x-ecb
2016-07-08,576.7841011743450767841011743,blockchain.info-x-ecb
2016-07-09,598.9159891598915989159891599,blockchain.info-x-ecb
2016-07-10,584.8328816621499548328816621,blockchain.info-x-ecb
2016-07-11,586.7951850846230428093040094,blockchain.info-x-ecb
2016-07-12,585.4038946988820771727371078,blockchain.info-x-ecb
2016-07-13,600.1625722543352601156069364,blockchain.info-x-ecb
2016-07-14,585.1662633324370350452630635,blockchain.info-x-ecb
2016-07-15,592.3076923076923076923076923,blockchain.info-x-ecb
2016-07-16,595.9651329978432782171099928,blockchain.info-x-ecb
2016-07-17,594.2846872753414809489575845,blockchain.info-x-ecb
2016-07-18,614.8376006514068578666425405,blockchain.info-x-ecb
2016-07-19,610.2945174444947893067512460,blockchain.info-x-ecb
2016-07-20,612.8666121855988377372196495,blockchain.info-x-ecb
2016-07-21,605.9918293236495687698592828,blockchain.info-x-ecb
2016-07-22,602.8690757218086072271654258,blockchain.info-x-ecb
2016-07-23,589.9309969130197929907390594,blockchain.info-x-ecb
2016-07-24,595.1788632649355365897948066,blockchain.info-x-ecb
2016-07-25,602.3310872336550719358951011,blockchain.info-x-ecb
2016-07-26,595.5987996726379921796853687,blockchain.info-x-ecb
2016-07-27,592.4483668456009462287325994,blockchain.info-x-ecb
2016-07-28,590.9558160504959422903516682,blockchain.info-x-ecb
2016-07-29,589.8857194276972914604517232,blockchain.info-x-ecb
2016-07-30,589.2918203905336092864213084,blockchain.info-x-ecb
2016-07-31,589.1118509853324934761090615,blockchain.info-x-ecb
2016-08-01,558.8588319598710139734862057,blockchain.info-x-ecb
2016-08-02,541.0167068703654069507728044,blockchain.info-x-ecb
2016-08-03,473.875,blockchain.info-x-ecb
2016-08-04,506.4744971264367816091954023,blockchain.info-x-ecb
2016-08-05,517.6048762997490139835066332,blockchain.info-x-ecb
2016-08-06,513.3739691645751165292219433,blockchain.info-x-ecb
2016-08-07,528.4152025815704553603442094,blockchain.info-x-ecb
2016-08-08,534.4637864165238567691891404,blockchain.info-x-ecb
2016-08-09,534.1126557140278028525004513,blockchain.info-x-ecb
2016-08-10,523.0507868383404864091559371,blockchain.info-x-ecb
2016-08-11,530.3505783197346005559042410,blockchain.info-x-ecb
2016-08-12,525.1926868614447033518551712,blockchain.info-x-ecb
2016-08-13,525.1030650654239110951783474,blockchain.info-x-ecb
2016-08-14,522.7997849076895500985839756,blockchain.info-x-ecb
2016-08-15,507.4597495527728085867620751,blockchain.info-x-ecb
2016-08-16,500.8322266489597166888003541,blockchain.info-x-ecb
2016-08-17,509.8793898545583540262504434,blockchain.info-x-ecb
2016-08-18,504.3017401289638724494302623,blockchain.info-x-ecb
2016-08-19,503.5316969803990817587850962,blockchain.info-x-ecb
2016-08-20,505.7743245629524986756136324,blockchain.info-x-ecb
2016-08-21,509.9064100300194243333921949,blockchain.info-x-ecb
2016-08-22,510.5607641960021227666725632,blockchain.info-x-ecb
2016-08-23,514.4192609577564159096922127,blockchain.info-x-ecb
2016-08-24,516.4891728789492367767128151,blockchain.info-x-ecb
2016-08-25,512.6217891939769707705934455,blockchain.info-x-ecb
2016-08-26,509.9645704162976085031000886,blockchain.info-x-ecb
2016-08-27,511.7537643932683790965456156,blockchain.info-x-ecb
2016-08-28,502.3914968999114260407440213,blockchain.info-x-ecb
2016-08-29,513.1602506714413607878245300,blockchain.info-x-ecb
2016-08-30,511.7299426934097421203438395,blockchain.info-x-ecb
2016-08-31,517.4002874595759971254042400,blockchain.info-x-ecb
2016-09-01,512.0760811053292661044320833,blockchain.info-x-ecb
2016-09-02,510.1402662378272134369695345,blockchain.info-x-ecb
2016-09-03,511.0336817653890824622531940,blockchain.info-x-ecb
2016-09-04,531.5911730545876887340301974,blockchain.info-x-ecb
2016-09-05,541.3678737898888490498386518,blockchain.info-x-ecb
2016-09-06,542.1543149027690653284344475,blockchain.info-x-ecb
2016-09-07,541.2120672777431698852006763,blockchain.info-x-ecb
2016-09-08,544.7326487252124645892351275,blockchain.info-x-ecb
2016-09-09,554.7213347532836350727724530,blockchain.info-x-ecb
2016-09-10,552.0056798012069577564785233,blockchain.info-x-ecb
2016-09-11,551.6950656727014554490592829,blockchain.info-x-ecb
2016-09-12,538.0545163014430785676109033,blockchain.info-x-ecb
2016-09-13,540.5974926647105894905308082,blockchain.info-x-ecb
2016-09-14,542.7170618648600463540738099,blockchain.info-x-ecb
2016-09-15,541.1320419406433268171316865,blockchain.info-x-ecb
2016-09-16,540.4596472474612506680919294,blockchain.info-x-ecb
2016-09-17,540.7446998040263673614822733,blockchain.info-x-ecb
2016-09-18,538.1168715481916978442900410,blockchain.info-x-ecb
2016-09-19,543.9408866995073891625615764,blockchain.info-x-ecb
2016-09-20,544.2238912732474964234620887,blockchain.info-x-ecb
2016-09-21,543.0493273542600896860986547,blockchain.info-x-ecb
2016-09-22,529.8629649403808506851752981,blockchain.info-x-ecb
2016-09-23,529.7663634742286427679686107,blockchain.info-x-ecb
2016-09-24,535.6696985910469056536472267,blockchain.info-x-ecb
2016-09-25,534.4480114143035491350098092,blockchain.info-x-ecb
2016-09-26,531.8593500266382525306339904,blockchain.info-x-ecb
2016-09-27,540.8110516934046345811051693,blockchain.info-x-ecb
2016-09-28,538.3162583518930957683741648,blockchain.info-x-ecb
2016-09-29,538.1427680242402637911059620,blockchain.info-x-ecb
2016-09-30,541.2866230624496012902069707,blockchain.info-x-ecb
2016-10-01,545.0945255801451482842039244,blockchain.info-x-ecb
2016-10-02,549.2160200698862109130006272,blockchain.info-x-ecb
2016-10-03,541.6518333926664293342826629,blockchain.info-x-ecb
2016-10-04,549.2160200698862109130006272,blockchain.info-x-ecb
2016-10-05,541.5930782267415930782267416,blockchain.info-x-ecb
2016-10-06,543.5851586946803755029056772,blockchain.info-x-ecb
2016-10-07,547.0466786355475763016157989,blockchain.info-x-ecb
2016-10-08,551.8312387791741472172351885,blockchain.info-x-ecb
2016-10-09,551.5798922800718132854578097,blockchain.info-x-ecb
2016-10-10,549.3369175627240143369175627,blockchain.info-x-ecb
2016-10-11,554.8966513223215091614766676,blockchain.info-x-ecb
2016-10-12,579.2196007259528130671506352,blockchain.info-x-ecb
2016-10-13,575.4303315818082986048197137,blockchain.info-x-ecb
2016-10-14,576.2770405380839847300490820,blockchain.info-x-ecb
2016-10-15,580.0763497545900745319032903,blockchain.info-x-ecb
2016-10-16,578.8583893837484093801127068,blockchain.info-x-ecb
2016-10-17,581.1988357285792250318355467,blockchain.info-x-ecb
2016-10-18,578.1315382516146638770126444,blockchain.info-x-ecb
2016-10-19,579.2421896347572638673831861,blockchain.info-x-ecb
2016-10-20,571.6939890710382513661202186,blockchain.info-x-ecb
2016-10-21,577.7053095719272460040418887,blockchain.info-x-ecb
2016-10-22,577.8063567885357339702370017,blockchain.info-x-ecb
2016-10-23,600.0826749954069446996141834,blockchain.info-x-ecb
2016-10-24,596.5384262234872830777706363,blockchain.info-x-ecb
2016-10-25,592.2829286239882266372332597,blockchain.info-x-ecb
2016-10-26,596.2929061784897025171624714,blockchain.info-x-ecb
2016-10-27,617.3972728104694792715292395,blockchain.info-x-ecb
2016-10-28,627.1745101629738143197216627,blockchain.info-x-ecb
2016-10-29,628.0076908991027284380150156,blockchain.info-x-ecb
2016-10-30,651.8952572788866507965574071,blockchain.info-x-ecb
2016-10-31,636.9724100127900602959985383,blockchain.info-x-ecb
2016-11-01,632.2086167800453514739229025,blockchain.info-x-ecb
2016-11-02,654.8895899053627760252365931,blockchain.info-x-ecb
2016-11-03,669.8481561822125813449023861,blockchain.info-x-ecb
2016-11-04,616.3256107455151897593076715,blockchain.info-x-ecb
2016-11-05,633.4715586405841521680338952,blockchain.info-x-ecb
2016-11-06,634.1656900748219597944649779,blockchain.info-x-ecb
2016-11-07,641.8007593563550894955704213,blockchain.info-x-ecb
2016-11-08,637.0991121579996376155100562,blockchain.info-x-ecb
2016-11-09,642.4877517691888949373979314,blockchain.info-x-ecb
2016-11-10,662.2303809086737035337310693,blockchain.info-x-ecb
2016-11-11,655.2457813646368305209097579,blockchain.info-x-ecb
2016-11-12,656.8231841526045487894350697,blockchain.info-x-ecb
2016-11-13,644.0572267057960381511371974,blockchain.info-x-ecb
2016-11-14,649.8840122483065788252760508,blockchain.info-x-ecb
2016-11-15,654.9280074314909428704133767,blockchain.info-x-ecb
2016-11-16,665.0439170248551672584563633,blockchain.info-x-ecb
2016-11-17,689.9505458617150321918447327,blockchain.info-x-ecb
2016-11-18,693.2354878163514912033116944,blockchain.info-x-ecb
2016-11-19,704.6570702794242167654530059,blockchain.info-x-ecb
2016-11-20,706.2846928215260137360052686,blockchain.info-x-ecb
2016-11-21,683.9337785721004609161885053,blockchain.info-x-ecb
2016-11-22,694.1414712253932372609965150,blockchain.info-x-ecb
2016-11-23,706.7157140162233540841350689,blockchain.info-x-ecb
2016-11-24,701.7159651118695487296169890,blockchain.info-x-ecb
2016-11-25,694.5241691842900302114803625,blockchain.info-x-ecb
2016-11-26,695.8742447129909365558912387,blockchain.info-x-ecb
2016-11-27,689.1144259818731117824773414,blockchain.info-x-ecb
2016-11-28,686.9191537589724216093690971,blockchain.info-x-ecb
2016-11-29,689.7220121028744326777609682,blockchain.info-x-ecb
2016-11-30,686.4315937940761636107193230,blockchain.info-x-ecb
2016-12-01,698.2685612120071515949938835,blockchain.info-x-ecb
2016-12-02,705.5158804735951888742717534,blockchain.info-x-ecb
2016-12-03,723.5388084946438639353504980,blockchain.info-x-ecb
2016-12-04,716.9423040781807930840067656,blockchain.info-x-ecb
2016-12-05,712.0164455242010839095496169,blockchain.info-x-ecb
2016-12-06,699.2640208682690516117011366,blockchain.info-x-ecb
2016-12-07,707.3532152842497670083876980,blockchain.info-x-ecb
2016-12-08,712.2096264634826240475748002,blockchain.info-x-ecb
2016-12-09,726.6597215645420967894686997,blockchain.info-x-ecb
2016-12-10,728.3644284496637939198787764,blockchain.info-x-ecb
2016-12-11,731.3950184676579221517189128,blockchain.info-x-ecb
2016-12-12,724.9811249528123820309550774,blockchain.info-x-ecb
2016-12-13,733.2610744580584354382657870,blockchain.info-x-ecb
2016-12-14,731.3885757234122510334460729,blockchain.info-x-ecb
2016-12-15,745.8393319896343219118917363,blockchain.info-x-ecb
2016-12-16,743.2512692786665389405115433,blockchain.info-x-ecb
2016-12-17,748.4624964077018871539419485,blockchain.info-x-ecb
2016-12-18,754.1718555417185554171855542,blockchain.info-x-ecb
2016-12-19,756.7357512953367875647668394,blockchain.info-x-ecb
2016-12-20,763.2477807796217676572751833,blockchain.info-x-ecb
2016-12-21,769.1296420688993378754438154,blockchain.info-x-ecb
2016-12-22,799.4733818460360015319800843,blockchain.info-x-ecb
2016-12-23,823.4539536664752058204097262,blockchain.info-x-ecb
2016-12-24,874.9090560980279532835535133,blockchain.info-x-ecb
2016-12-25,854.4897568447252536856212904,blockchain.info-x-ecb
2016-12-26,852.9484970323568830174229370,blockchain.info-x-ecb
2016-12-27,858.6117759693633317376735280,blockchain.info-x-ecb
2016-12-28,894.4716854148639553889049130,blockchain.info-x-ecb
2016-12-29,933.5980101406294843585573520,blockchain.info-x-ecb
2016-12-30,920.5483350725737596053505360,blockchain.info-x-ecb
2016-12-31,908.9460203016791575751826202,blockchain.info-x-ecb
2017-01-01,915.3211270277962242671473295,blockchain.info-x-ecb
2017-01-02,953.0434782608695652173913043,blockchain.info-x-ecb
2017-01-03,975.8497833413577274915743861,blockchain.info-x-ecb
2017-01-04,994.3757784804062470058445914,blockchain.info-x-ecb
2017-01-05,1056.242262641653175888010666,blockchain.info-x-ecb
2017-01-06,944.0457078099915006138445557,blockchain.info-x-ecb
2017-01-07,842.3363868165076966663518746,blockchain.info-x-ecb
2017-01-08,855.7559731797147983756728681,blockchain.info-x-ecb
2017-01-09,865.8139977177634081399771776,blockchain.info-x-ecb
2017-01-10,848.7934134569887385255985616,blockchain.info-x-ecb
2017-01-11,860.3827477863467580691231077,blockchain.info-x-ecb
2017-01-12,731.2669725629740612416892968,blockchain.info-x-ecb
2017-01-13,755.5763999624800675358784354,blockchain.info-x-ecb
2017-01-14,773.8486070725072694869149236,blockchain.info-x-ecb
2017-01-15,768.7365162742707063127286371,blockchain.info-x-ecb
2017-01-16,775.9203322635454030583349066,blockchain.info-x-ecb
2017-01-17,777.3867465368775739423436915,blockchain.info-x-ecb
2017-01-18,850.1500375093773443360840210,blockchain.info-x-ecb
2017-01-19,829.9962504686914135733033371,blockchain.info-x-ecb
2017-01-20,849.4168547780285929270127916,blockchain.info-x-ecb
2017-01-21,842.4003009781790820165537998,blockchain.info-x-ecb
2017-01-22,867.1839729119638826185101580,blockchain.info-x-ecb
2017-01-23,860.7839477368175454969668689,blockchain.info-x-ecb
2017-01-24,855.9452921473762560476367696,blockchain.info-x-ecb
2017-01-25,822.4797542585869868751745323,blockchain.info-x-ecb
2017-01-26,834.7102803738317757009345794,blockchain.info-x-ecb
2017-01-27,856.7081733920044939612395843,blockchain.info-x-ecb
2017-01-28,859.4794494897481509221982960,blockchain.info-x-ecb
2017-01-29,860.0505570639453234715850576,blockchain.info-x-ecb
2017-01-30,858.1279397930385700846660395,blockchain.info-x-ecb
2017-01-31,855.4160855416085541608554161,blockchain.info-x-ecb
2017-02-01,893.5125115848007414272474513,blockchain.info-x-ecb
2017-02-02,909.9000740192450037009622502,blockchain.info-x-ecb
2017-02-03,939.0838841821059491667442510,blockchain.info-x-ecb
2017-02-04,945.5823480122893585327250722,blockchain.info-x-ecb
2017-02-05,962.7315892375011637650125687,blockchain.info-x-ecb
2017-02-06,943.8760268857356235997012696,blockchain.info-x-ecb
2017-02-07,959.2131147540983606557377049,blockchain.info-x-ecb
2017-02-08,987.1917487107360525082044069,blockchain.info-x-ecb
2017-02-09,982.6973438084549195660306771,blockchain.info-x-ecb
2017-02-10,927.0298240662338884184777496,blockchain.info-x-ecb
2017-02-11,938.5548969799604854642957945,blockchain.info-x-ecb
2017-02-12,952.5449242638065669395051275,blockchain.info-x-ecb
2017-02-13,941.5184871577758961332204347,blockchain.info-x-ecb
2017-02-14,942.4832909724183375694248329,blockchain.info-x-ecb
2017-02-15,954.1260066319279962103268593,blockchain.info-x-ecb
2017-02-16,949.3522343221930153961697334,blockchain.info-x-ecb
2017-02-17,972.0187793427230046948356808,blockchain.info-x-ecb
2017-02-18,990.1877934272300469483568075,blockchain.info-x-ecb
2017-02-19,991.5492957746478873239436620,blockchain.info-x-ecb
2017-02-20,989.8926149208741522230595328,blockchain.info-x-ecb
2017-02-21,1028.812755053620575116256999,blockchain.info-x-ecb
2017-02-22,1070.103681156663178921335489,blockchain.info-x-ecb
2017-02-23,1068.769507235410952425990731,blockchain.info-x-ecb
2017-02-24,1119.247808464511264021114148,blockchain.info-x-ecb
2017-02-25,1112.395136205108869827504949,blockchain.info-x-ecb
2017-02-26,1084.334055990197002545008955,blockchain.info-x-ecb
2017-02-27,1115.008973269103617644280722,blockchain.info-x-ecb
2017-02-28,1126.894404076625460035859205,blockchain.info-x-ecb
2017-03-01,1130.627551504794455520744327,blockchain.info-x-ecb
2017-03-02,1165.094160167395853148183375,blockchain.info-x-ecb
2017-03-03,1190.345480359678182678655939,blockchain.info-x-ecb
2017-03-04,1218.173213440605773781353526,blockchain.info-x-ecb
2017-03-05,1194.699479413156649313771888,blockchain.info-x-ecb
2017-03-06,1.2E+3,blockchain.info-x-ecb
2017-03-07,1209.814674735249621785173979,blockchain.info-x-ecb
2017-03-08,1168.889730958696475937855248,blockchain.info-x-ecb
2017-03-09,1094.787223959814235617477016,blockchain.info-x-ecb
2017-03-10,1123.976994154252310013200075,blockchain.info-x-ecb
2017-03-11,1041.806524608712049783141618,blockchain.info-x-ecb
2017-03-12,1109.362624929285310201772582,blockchain.info-x-ecb
2017-03-13,1151.345775110194129231923474,blockchain.info-x-ecb
2017-03-14,1167.077415106763239582353494,blockchain.info-x-ecb
2017-03-15,1173.714931274712860101675767,blockchain.info-x-ecb
2017-03-16,1171.918702218907327988066381,blockchain.info-x-ecb
2017-03-17,1089.876129272608736146037068,blockchain.info-x-ecb
2017-03-18,994.9706621961441743503772003,blockchain.info-x-ecb
2017-03-19,901.2666480394896153487938903,blockchain.info-x-ecb
2017-03-20,940.2808779761904761904761905,blockchain.info-x-ecb
2017-03-21,954.9157563414182558785410109,blockchain.info-x-ecb
2017-03-22,1029.888035532525215138336264,blockchain.info-x-ecb
2017-03-23,955.1270165028740960504357500,blockchain.info-x-ecb
2017-03-24,953.2531235539102267468764461,blockchain.info-x-ecb
2017-03-25,858.7968533086534012031466913,blockchain.info-x-ecb
2017-03-26,890.1527070800555298472929199,blockchain.info-x-ecb
2017-03-27,881.1369271742125080356322895,blockchain.info-x-ecb
2017-03-28,958.6886453632931209135279492,blockchain.info-x-ecb
2017-03-29,970.1991068105694082620022330,blockchain.info-x-ecb
2017-03-30,968.3989941324392288348700754,blockchain.info-x-ecb
2017-03-31,967.8608175100551866055560752,blockchain.info-x-ecb
2017-04-01,1003.732111121504068842952016,blockchain.info-x-ecb
2017-04-02,1012.823870545318492189692265,blockchain.info-x-ecb
2017-04-03,1013.028796548166213300816059,blockchain.info-x-ecb
2017-04-04,1076.875410759553093606234156,blockchain.info-x-ecb
2017-04-05,1068.767559468065180745457951,blockchain.info-x-ecb
2017-04-06,1062.750796924807800487530471,blockchain.info-x-ecb
2017-04-07,1122.982126058325493885230480,blockchain.info-x-ecb
2017-04-08,1119.680150517403574788334901,blockchain.info-x-ecb
2017-04-09,1113.857008466603951081843838,blockchain.info-x-ecb
2017-04-10,1140.272263187748156551332955,blockchain.info-x-ecb
2017-04-11,1139.779577995478522984174830,blockchain.info-x-ecb
2017-04-12,1149.542668552569542668552570,blockchain.info-x-ecb
2017-04-13,1140.329256820319849482596425,blockchain.info-x-ecb
2017-04-14,1104.825964252116650987770461,blockchain.info-x-ecb
2017-04-15,1100.997177798682972718720602,blockchain.info-x-ecb
2017-04-16,1119.943555973659454374412041,blockchain.info-x-ecb
2017-04-17,1092.285983066792097836312324,blockchain.info-x-ecb
2017-04-18,1101.825500842538850402546340,blockchain.info-x-ecb
2017-04-19,1.12E+3,blockchain.info-x-ecb
2017-04-20,1121.451838064215914378780828,blockchain.info-x-ecb
2017-04-21,1155.945036455412226584408301,blockchain.info-x-ecb
2017-04-22,1162.469620489811179659749486,blockchain.info-x-ecb
2017-04-23,1152.776219854178351093662367,blockchain.info-x-ecb
2017-04-24,1143.842182890855457227138643,blockchain.info-x-ecb
2017-04-25,1151.014599210357175649618951,blockchain.info-x-ecb
2017-04-26,1168.337464426696043330579271,blockchain.info-x-ecb
2017-04-27,1183.733112765370829886958919,blockchain.info-x-ecb
2017-04-28,1217.136322049405306495882891,blockchain.info-x-ecb
2017-04-29,1217.474839890210430009149131,blockchain.info-x-ecb
2017-04-30,1219.579139981701738334858188,blockchain.info-x-ecb
2017-05-01,1239.524245196706312900274474,blockchain.info-x-ecb
2017-05-02,1274.264773247824095281722400,blockchain.info-x-ecb
2017-05-03,1325.716640718014470189577800,blockchain.info-x-ecb
2017-05-04,1373.661572252219273359568042,blockchain.info-x-ecb
2017-05-05,1402.454155642733327251163215,blockchain.info-x-ecb
2017-05-06,1385.594380074810692455067968,blockchain.info-x-ecb
2017-05-07,1417.790347596022260742632971,blockchain.info-x-ecb
2017-05-08,1425.068568294020844761382337,blockchain.info-x-ecb
2017-05-09,1516.440117560617193240264511,blockchain.info-x-ecb
2017-05-10,1580.830729645285793052747657,blockchain.info-x-ecb
2017-05-11,1633.996316758747697974217311,blockchain.info-x-ecb
2017-05-12,1681.684442809856564913571166,blockchain.info-x-ecb
2017-05-13,1556.528135343876425156307466,blockchain.info-x-ecb
2017-05-14,1628.172122103714600956233910,blockchain.info-x-ecb
2017-05-15,1622.311337951148377688662049,blockchain.info-x-ecb
2017-05-16,1553.404466949995478795551135,blockchain.info-x-ecb
2017-05-17,1537.276243590896824682918053,blockchain.info-x-ecb
2017-05-18,1603.001168119327882109803217,blockchain.info-x-ecb
2017-05-19,1681.715716969317470256731371,blockchain.info-x-ecb
2017-05-20,1750.943733786564093389390822,blockchain.info-x-ecb
2017-05-21,1796.976473745415511226406655,blockchain.info-x-ecb
2017-05-22,1794.494352041270123632482434,blockchain.info-x-ecb
2017-05-23,1872.474364690147124386981721,blockchain.info-x-ecb
2017-05-24,2015.831323148396319128026445,blockchain.info-x-ecb
2017-05-25,2159.345461030854289281255573,blockchain.info-x-ecb
2017-05-26,2033.770989639156841729188996,blockchain.info-x-ecb
2017-05-27,2036.280814576634512325830654,blockchain.info-x-ecb
2017-05-28,1829.010360843158270811003930,blockchain.info-x-ecb
2017-05-29,1946.174472649267071862710046,blockchain.info-x-ecb
2017-05-30,2049.601718428354067842119395,blockchain.info-x-ecb
2017-05-31,1964.967471704839140896533286,blockchain.info-x-ecb
2017-06-01,2048.319814600231749710312862,blockchain.info-x-ecb
2017-06-02,2148.462155656592671837389676,blockchain.info-x-ecb
2017-06-03,2218.935544263171971115271463,blockchain.info-x-ecb
2017-06-04,2265.570116787019702237674958,blockchain.info-x-ecb
2017-06-05,2248.670992977153524757756245,blockchain.info-x-ecb
2017-06-06,2397.512879729969799253863919,blockchain.info-x-ecb
2017-06-07,2560.666844967460105197468129,blockchain.info-x-ecb
2017-06-08,2389.375723572891619912725977,blockchain.info-x-ecb
2017-06-09,2513.430565497494631352899069,blockchain.info-x-ecb
2017-06-10,2527.863278453829634931997137,blockchain.info-x-ecb
2017-06-11,2593.620257695060844667143880,blockchain.info-x-ecb
2017-06-12,2633.419481329649763835665270,blockchain.info-x-ecb
2017-06-13,2368.699295711865917803334225,blockchain.info-x-ecb
2017-06-14,2415.424439882174417566723199,blockchain.info-x-ecb
2017-06-15,2189.682966147232670607200430,blockchain.info-x-ecb
2017-06-16,2171.397868720336706366974120,blockchain.info-x-ecb
2017-06-17,2218.984507925136563087669025,blockchain.info-x-ecb
2017-06-18,2354.938658547506044595683711,blockchain.info-x-ecb
2017-06-19,2251.986784534333422627020270,blockchain.info-x-ecb
2017-06-20,2330.584438866977411258515597,blockchain.info-x-ecb
2017-06-21,2458.060464699022158428276666,blockchain.info-x-ecb
2017-06-22,2380.419016921837228041901692,blockchain.info-x-ecb
2017-06-23,2428.604671977087621945762105,blockchain.info-x-ecb
2017-06-24,2403.159402130135147229929294,blockchain.info-x-ecb
2017-06-25,2288.552761120558489215072049,blockchain.info-x-ecb
2017-06-26,2236.551354250469294717082328,blockchain.info-x-ecb
2017-06-27,2154.637347047348820712892357,blockchain.info-x-ecb
2017-06-28,2248.887912087912087912087912,blockchain.info-x-ecb
2017-06-29,2241.566634539560150705336020,blockchain.info-x-ecb
2017-06-30,2227.208201892744479495268139,blockchain.info-x-ecb
2017-07-01,2170.198037153873116018226428,blockchain.info-x-ecb
2017-07-02,2121.678934454959691552751490,blockchain.info-x-ecb
2017-07-03,2210.141613158589145923124285,blockchain.info-x-ecb
2017-07-04,2246.040694089667929181714084,blockchain.info-x-ecb
2017-07-05,2294.015358813664048018359961,blockchain.info-x-ecb
2017-07-06,2283.706631532718489240228371,blockchain.info-x-ecb
2017-07-07,2278.014370837714686295127936,blockchain.info-x-ecb
2017-07-08,2193.182614791447599018576937,blockchain.info-x-ecb
2017-07-09,2238.994041359971959341044515,blockchain.info-x-ecb
2017-07-10,2203.899183279178010011416528,blockchain.info-x-ecb
2017-07-11,2040.412099956159579131959667,blockchain.info-x-ecb
2017-07-12,2018.455760328412961830727574,blockchain.info-x-ecb
2017-07-13,2091.617762985022335114303232,blockchain.info-x-ecb
2017-07-14,2048.611476127901883486640385,blockchain.info-x-ecb
2017-07-15,1941.392904073587385019710907,blockchain.info-x-ecb
2017-07-16,1727.805519053876478318002628,blockchain.info-x-ecb
2017-07-17,1667.213400802652242191589600,blockchain.info-x-ecb
2017-07-18,1921.306793595845954132410212,blockchain.info-x-ecb
2017-07-19,1994.285962022023757912078384,blockchain.info-x-ecb
2017-07-20,1972.320417936438833260774924,blockchain.info-x-ecb
2017-07-21,2439.443394605737845730974059,blockchain.info-x-ecb
2017-07-22,2295.954303384298230544579969,blockchain.info-x-ecb
2017-07-23,2426.997079539598007215255111,blockchain.info-x-ecb
2017-07-24,2359.512362637362637362637363,blockchain.info-x-ecb
2017-07-25,2359.825551564905079527963058,blockchain.info-x-ecb
2017-07-26,2202.250085881140501545860529,blockchain.info-x-ecb
2017-07-27,2152.325979134598939627159227,blockchain.info-x-ecb
2017-07-28,2264.924545997101202148520761,blockchain.info-x-ecb
2017-07-29,2374.285957882172393213402677,blockchain.info-x-ecb
2017-07-30,2305.848750959161053798277773,blockchain.info-x-ecb
2017-07-31,2335.567493817685682612773940,blockchain.info-x-ecb
2017-08-01,2423.721639011175076193701321,blockchain.info-x-ecb
2017-08-02,2309.020204581959590836080818,blockchain.info-x-ecb
2017-08-03,2276.045531197301854974704890,blockchain.info-x-ecb
2017-08-04,2350.859453993933265925176946,blockchain.info-x-ecb
2017-08-05,2406.909336029659588810246040,blockchain.info-x-ecb
2017-08-06,2739.105156723963599595551062,blockchain.info-x-ecb
2017-08-07,2721.200305162329405781130796,blockchain.info-x-ecb
2017-08-08,2861.435584899272050110038937,blockchain.info-x-ecb
2017-08-09,2905.762509589975279174835905,blockchain.info-x-ecb
2017-08-10,2847.153085577906580293215138,blockchain.info-x-ecb
2017-08-11,2901.325966850828729281767956,blockchain.info-x-ecb
2017-08-12,3102.422439439014024649383765,blockchain.info-x-ecb
2017-08-13,3288.159796005099872503187420,blockchain.info-x-ecb
2017-08-14,3453.216919555819276087140799,blockchain.info-x-ecb
2017-08-15,3674.778610354223433242506812,blockchain.info-x-ecb
2017-08-16,3569.573014517506404782237404,blockchain.info-x-ecb
2017-08-17,3740.959220312900743780456527,blockchain.info-x-ecb
2017-08-18,3645.477001703577512776831346,blockchain.info-x-ecb
2017-08-19,3496.345826235093696763202726,blockchain.info-x-ecb
2017-08-20,3531.592844974446337308347530,blockchain.info-x-ecb
2017-08-21,3447.495961227786752827140549,blockchain.info-x-ecb
2017-08-22,3386.526208478464021748364625,blockchain.info-x-ecb
2017-08-23,3467.149758454106280193236715,blockchain.info-x-ecb
2017-08-24,3501.329832288666779603591394,blockchain.info-x-ecb
2017-08-25,3668.504403794037940379403794,blockchain.info-x-ecb
2017-08-26,3690.523373983739837398373984,blockchain.info-x-ecb
2017-08-27,3675.321815718157181571815718,blockchain.info-x-ecb
2017-08-28,3638.616352201257861635220126,blockchain.info-x-ecb
2017-08-29,3632.685922974767596281540505,blockchain.info-x-ecb
2017-08-30,3855.773749580396106075864384,blockchain.info-x-ecb
2017-08-31,3875.281183932346723044397463,blockchain.info-x-ecb
2017-09-01,3970.528523489932885906040268,blockchain.info-x-ecb
2017-09-02,4117.793624161073825503355705,blockchain.info-x-ecb
2017-09-03,3846.954697986577181208053691,blockchain.info-x-ecb
2017-09-04,3866.896262074758504829903402,blockchain.info-x-ecb
2017-09-05,3534.827586206896551724137931,blockchain.info-x-ecb
2017-09-06,3675.316402648562568099907803,blockchain.info-x-ecb
2017-09-07,3852.744131651491103500125303,blockchain.info-x-ecb
2017-09-08,3825.737976782752902155887231,blockchain.info-x-ecb
2017-09-09,3575.671641791044776119402985,blockchain.info-x-ecb
2017-09-10,3591.102819237147595356550580,blockchain.info-x-ecb
2017-09-11,3528.323747603567558556305743,blockchain.info-x-ecb
2017-09-12,3518.469789658929020363697310,blockchain.info-x-ecb
2017-09-13,3481.041823190583521162033559,blockchain.info-x-ecb
2017-09-14,3252.183424484644509886411443,blockchain.info-x-ecb
2017-09-15,2688.648332358104154476301931,blockchain.info-x-ecb
2017-09-16,3099.139011953523363704756332,blockchain.info-x-ecb
2017-09-17,3083.766613725654100142104823,blockchain.info-x-ecb
2017-09-18,3078.783059926347505858721125,blockchain.info-x-ecb
2017-09-19,3418.033745405947210157033077,blockchain.info-x-ecb
2017-09-20,3247.563921046056467060881153,blockchain.info-x-ecb
2017-09-21,3271.297774044519109617807644,blockchain.info-x-ecb
2017-09-22,3010.550957277819580302650280,blockchain.info-x-ecb
2017-09-23,3013.786472702951258255998662,blockchain.info-x-ecb
2017-09-24,3158.281080177242705459409748,blockchain.info-x-ecb
2017-09-25,3089.500294935535518665206034,blockchain.info-x-ecb
2017-09-26,3335.861542377195215067447188,blockchain.info-x-ecb
2017-09-27,3305.510603866791585043863385,blockchain.info-x-ecb
2017-09-28,3569.799626422142978434369163,blockchain.info-x-ecb
2017-09-29,3548.517702862951041843130612,blockchain.info-x-ecb
2017-09-30,3527.248856513637133660850415,blockchain.info-x-ecb
2017-10-01,3688.090801287480941893952228,blockchain.info-x-ecb
2017-10-02,3750.860013623978201634877384,blockchain.info-x-ecb
2017-10-03,3738.679486088658214923849230,blockchain.info-x-ecb
2017-10-04,3655.153983201832527360651565,blockchain.info-x-ecb
2017-10-05,3586.739908022483392948390393,blockchain.info-x-ecb
2017-10-06,3688.886990689331169385837533,blockchain.info-x-ecb
2017-10-07,3732.442128640984026650721790,blockchain.info-x-ecb
2017-10-08,3792.141453831041257367387033,blockchain.info-x-ecb
2017-10-09,3921.045462285033202792439980,blockchain.info-x-ecb
2017-10-10,4046.655929473594981775027549,blockchain.info-x-ecb
2017-10-11,4037.616229923922231614539307,blockchain.info-x-ecb
2017-10-12,4067.282388663967611336032389,blockchain.info-x-ecb
2017-10-13,4602.667231160033869602032176,blockchain.info-x-ecb
2017-10-14,4772.430143945808636748518205,blockchain.info-x-ecb
2017-10-15,4933.099068585944115156646909,blockchain.info-x-ecb
2017-10-16,4822.240108447004998729136660,blockchain.info-x-ecb
2017-10-17,4901.981461008589165745386512,blockchain.info-x-ecb
2017-10-18,4761.818027066133287939399098,blockchain.info-x-ecb
2017-10-19,4708.399526787223255027885753,blockchain.info-x-ecb
2017-10-20,4820.748011507869351836182095,blockchain.info-x-ecb
2017-10-21,5065.527161956337789812150956,blockchain.info-x-ecb
2017-10-22,5087.705195464545608393975292,blockchain.info-x-ecb
2017-10-23,5095.817717206132879045996593,blockchain.info-x-ecb
2017-10-24,5017.081880792449621630813706,blockchain.info-x-ecb
2017-10-25,4676.079762409843020789138736,blockchain.info-x-ecb
2017-10-26,4877.350463711392835871692334,blockchain.info-x-ecb
2017-10-27,5075.243429556225764756570444,blockchain.info-x-ecb
2017-10-28,4971.900043084877208099956915,blockchain.info-x-ecb
2017-10-29,4936.363636363636363636363636,blockchain.info-x-ecb
2017-10-30,5284.610747502583534274888047,blockchain.info-x-ecb
2017-10-31,5269.943289224952741020793951,blockchain.info-x-ecb
2017-11-01,5525.378918360316913537719600,blockchain.info-x-ecb
2017-11-02,5798.179476170030055817947617,blockchain.info-x-ecb
2017-11-03,6026.044436819078665179720340,blockchain.info-x-ecb
2017-11-04,6187.732692802607875096508536,blockchain.info-x-ecb
2017-11-05,6318.941408595693574676160247,blockchain.info-x-ecb
2017-11-06,6378.352027610008628127696290,blockchain.info-x-ecb
2017-11-07,6020.221414980107247880989448,blockchain.info-x-ecb
2017-11-08,6150.681622088006902502157032,blockchain.info-x-ecb
2017-11-09,6421.702493551160791057609630,blockchain.info-x-ecb
2017-11-10,6085.824609576111206452720096,blockchain.info-x-ecb
2017-11-11,5636.880041187575081517075682,blockchain.info-x-ecb
2017-11-12,5440.955894971683542131457010,blockchain.info-x-ecb
2017-11-13,5053.260123541523678792038435,blockchain.info-x-ecb
2017-11-14,5528.846317581949765857811835,blockchain.info-x-ecb
2017-11-15,5568.184121621621621621621622,blockchain.info-x-ecb
2017-11-16,6184.504290204740463851839266,blockchain.info-x-ecb
2017-11-17,6671.275964391691394658753709,blockchain.info-x-ecb
2017-11-18,6543.620178041543026706231454,blockchain.info-x-ecb
2017-11-19,6605.595591352267910131411615,blockchain.info-x-ecb
2017-11-20,6832.798573975044563279857398,blockchain.info-x-ecb
2017-11-21,7034.314729476019798600443762,blockchain.info-x-ecb
2017-11-22,6890.697080602604476976763980,blockchain.info-x-ecb
2017-11-23,6951.991897366644159351789332,blockchain.info-x-ecb
2017-11-24,6772.173107687126378715163762,blockchain.info-x-ecb
2017-11-25,6914.860655047570935421402711,blockchain.info-x-ecb
2017-11-26,7383.009177401700766186747495,blockchain.info-x-ecb
2017-11-27,7790.913654618473895582329317,blockchain.info-x-ecb
2017-11-28,8174.057873485868102288021534,blockchain.info-x-ecb
2017-11-29,8386.742200050731377356895240,blockchain.info-x-ecb
2017-11-30,8141.066756688328128956030045,blockchain.info-x-ecb
2017-12-01,8404.030290281867900715187211,blockchain.info-x-ecb
2017-12-02,9154.295330248212031973075305,blockchain.info-x-ecb
2017-12-03,9182.053007993268826251577619,blockchain.info-x-ecb
2017-12-04,9422.267172355667930889169827,blockchain.info-x-ecb
2017-12-05,9784.097239807546214231451000,blockchain.info-x-ecb
2017-12-06,9867.487517982567487517982567,blockchain.info-x-ecb
2017-12-07,11746.08009502799932122857628,blockchain.info-x-ecb
2017-12-08,14359.46176119911429058082098,blockchain.info-x-ecb
2017-12-09,13520.07324135581672628172373,blockchain.info-x-ecb
2017-12-10,12478.59819451541475046840402,blockchain.info-x-ecb
2017-12-11,12774.62699220074601559850797,blockchain.info-x-ecb
2017-12-12,14221.24766275709671936087030,blockchain.info-x-ecb
2017-12-13,14414.45126107702794819359237,blockchain.info-x-ecb
2017-12-14,13720.81891093288307302659350,blockchain.info-x-ecb
2017-12-15,13898.14501101135016093511774,blockchain.info-x-ecb
2017-12-16,14829.62900220227003218702355,blockchain.info-x-ecb
2017-12-17,16330.59461290869049635778418,blockchain.info-x-ecb
2017-12-18,16028.19838914794404408647732,blockchain.info-x-ecb
2017-12-19,15995.76249682821618878457244,blockchain.info-x-ecb
2017-12-20,14675.33980582524271844660194,blockchain.info-x-ecb
2017-12-21,13793.10228518424825027405346,blockchain.info-x-ecb
2017-12-22,13094.63426980511262971399646,blockchain.info-x-ecb
2017-12-23,11622.88872015523496161309373,blockchain.info-x-ecb
2017-12-24,11913.88677971821479794144942,blockchain.info-x-ecb
2017-12-25,11435.34126381506791529570573,blockchain.info-x-ecb
2017-12-26,11592.79507297730532354678141,blockchain.info-x-ecb
2017-12-27,13180.31946195880622110130307,blockchain.info-x-ecb
2017-12-28,12922.90095525389643036701860,blockchain.info-x-ecb
2017-12-29,11851.92195447344284165763362,blockchain.info-x-ecb
2017-12-30,12018.29400483615442341365797,blockchain.info-x-ecb
2017-12-31,10516.58467439339614775285583,blockchain.info-x-ecb
2018-01-01,11503.37696989910781289085300,blockchain.info-x-ecb
2018-01-02,11085.76875259013675922088686,blockchain.info-x-ecb
2018-01-03,12304.30009149130832570905764,blockchain.info-x-ecb
2018-01-04,12465.18027351844177372565271,blockchain.info-x-ecb
2018-01-05,12594.15525114155251141552511,blockchain.info-x-ecb
2018-01-06,14042.94728102947281029472810,blockchain.info-x-ecb
2018-01-07,14243.21295143212951432129514,blockchain.info-x-ecb
2018-01-08,13524.52184080848575962582477,blockchain.info-x-ecb
2018-01-09,12539.91786791820315119007710,blockchain.info-x-ecb
2018-01-10,12039.20947298198799199466311,blockchain.info-x-ecb
2018-01-11,12384.83814595989015561288175,blockchain.info-x-ecb
2018-01-12,10946.32116668039878058828376,blockchain.info-x-ecb
2018-01-13,11362.93153167998681717063525,blockchain.info-x-ecb
2018-01-14,11737.81000247178050589107687,blockchain.info-x-ecb
2018-01-15,11064.45385680540848741549238,blockchain.info-x-ecb
2018-01-16,11082.69828291087489779231398,blockchain.info-x-ecb
2018-01-17,9265.975579775465049577972630,blockchain.info-x-ecb
2018-01-18,9065.190028606456885982836126,blockchain.info-x-ecb
2018-01-19,9118.580171358629130966952264,blockchain.info-x-ecb
2018-01-20,9389.237046103631170950632395,blockchain.info-x-ecb
2018-01-21,10399.49408404732762137902897,blockchain.info-x-ecb
2018-01-22,9407.157447503881036032355585,blockchain.info-x-ecb
2018-01-23,8792.954526900155114703241081,blockchain.info-x-ecb
2018-01-24,8769.017163212435233160621762,blockchain.info-x-ecb
2018-01-25,9181.937615862013379543805916,blockchain.info-x-ecb
2018-01-26,8966.540688324220006432936636,blockchain.info-x-ecb
2018-01-27,8921.067867481505307172724349,blockchain.info-x-ecb
2018-01-28,9192.159858475394017368928916,blockchain.info-x-ecb
2018-01-29,9485.685435010905565877696098,blockchain.info-x-ecb
2018-01-30,9005.812736494646163754931165,blockchain.info-x-ecb
2018-01-31,8093.858874528377619009392310,blockchain.info-x-ecb
2018-02-01,8190.063407978168392326832009,blockchain.info-x-ecb
2018-02-02,7283.277297470381043868075568,blockchain.info-x-ecb
2018-02-03,7086.719500480307396733909702,blockchain.info-x-ecb
2018-02-04,7384.422030099263528658341338,blockchain.info-x-ecb
2018-02-05,6593.295819935691318327974277,blockchain.info-x-ecb
2018-02-06,5617.211452672560629410333360,blockchain.info-x-ecb
2018-02-07,6250.907764629599610958015886,blockchain.info-x-ecb
2018-02-08,6190.964740450538687561214496,blockchain.info-x-ecb
2018-02-09,6718.064043021266194084575898,blockchain.info-x-ecb
2018-02-10,7079.654526195714169314755968,blockchain.info-x-ecb
2018-02-11,6975.474619082538906542817567,blockchain.info-x-ecb
2018-02-12,6579.156813177852075348609639,blockchain.info-x-ecb
2018-02-13,7212.940890294332279250790562,blockchain.info-x-ecb
2018-02-14,6906.276320051830255911888565,blockchain.info-x-ecb
2018-02-15,7581.557672296486032178019691,blockchain.info-x-ecb
2018-02-16,8050.200577663671373555840822,blockchain.info-x-ecb
2018-02-17,8166.367137355584082156611040,blockchain.info-x-ecb
2018-02-18,8894.279525032092426187419769,blockchain.info-x-ecb
2018-02-19,8374.262691377921031426269138,blockchain.info-x-ecb
2018-02-20,9053.306320907617504051863857,blockchain.info-x-ecb
2018-02-21,9134.161793372319688109161793,blockchain.info-x-ecb
2018-02-22,8541.691104594330400782013685,blockchain.info-x-ecb
2018-02-23,8009.415399625985852508334011,blockchain.info-x-ecb
2018-02-24,8270.021953004309293438490934,blockchain.info-x-ecb
2018-02-25,7886.624928856004553215708594,blockchain.info-x-ecb
2018-02-26,7777.832792207792207792207792,blockchain.info-x-ecb
2018-02-27,8389.122835541825867815624746,blockchain.info-x-ecb
2018-02-28,8701.989520222695267725560832,blockchain.info-x-ecb
2018-03-01,8489.146331443595431764029250,blockchain.info-x-ecb
2018-03-02,8878.427550357374918778427550,blockchain.info-x-ecb
2018-03-03,8967.292072774528914879792073,blockchain.info-x-ecb
2018-03-04,9302.582846003898635477582846,blockchain.info-x-ecb
2018-03-05,9357.950759730234825708946128,blockchain.info-x-ecb
2018-03-06,9219.627749576988155668358714,blockchain.info-x-ecb
2018-03-07,8639.518402190545220262543287,blockchain.info-x-ecb
2018-03-08,7986.844859512116576765155785,blockchain.info-x-ecb
2018-03-09,7586.445366528354080221300138,blockchain.info-x-ecb
2018-03-10,7536.246033683182816695142787,blockchain.info-x-ecb
2018-03-11,7141.298511105687088113253600,blockchain.info-x-ecb
2018-03-12,7753.966834661030726711103886,blockchain.info-x-ecb
2018-03-13,7375.989659072548069154952335,blockchain.info-x-ecb
2018-03-14,7400.388066941547416929420325,blockchain.info-x-ecb
2018-03-15,6656.664775950085082246171299,blockchain.info-x-ecb
2018-03-16,6717.616453946833590764978457,blockchain.info-x-ecb
2018-03-17,6745.703601333224941061702301,blockchain.info-x-ecb
2018-03-18,6410.112998943175351597431103,blockchain.info-x-ecb
2018-03-19,6673.539686408319116093915022,blockchain.info-x-ecb
2018-03-20,7010.133594004561746497230368,blockchain.info-x-ecb
2018-03-21,7252.116229855119648380270226,blockchain.info-x-ecb
2018-03-22,7233.890873660279311464761286,blockchain.info-x-ecb
2018-03-23,7067.365948485339381176089422,blockchain.info-x-ecb
2018-03-24,7222.971002753928397861655597,blockchain.info-x-ecb
2018-03-25,6912.165883687024137372428317,blockchain.info-x-ecb
2018-03-26,6814.890016920473773265651438,blockchain.info-x-ecb
2018-03-27,6582.498383968972204266321913,blockchain.info-x-ecb
2018-03-28,6289.119212776254234553960316,blockchain.info-x-ecb
2018-03-29,6452.893433974515055596136677,blockchain.info-x-ecb
2018-03-30,5761.845629413196980764548332,blockchain.info-x-ecb
2018-03-31,5563.014365717068419771122474,blockchain.info-x-ecb
2018-04-01,5630.679327976625273922571220,blockchain.info-x-ecb
2018-04-02,5541.384627871114357600844087,blockchain.info-x-ecb
2018-04-03,5740.404614884627884302892428,blockchain.info-x-ecb
2018-04-04,6049.592701205604431410883024,blockchain.info-x-ecb
2018-04-05,5555.228384991843393148450245,blockchain.info-x-ecb
2018-04-06,5547.376164786660127513487003,blockchain.info-x-ecb
2018-04-07,5423.148602256007846983815596,blockchain.info-x-ecb
2018-04-08,5648.291646231812980219061632,blockchain.info-x-ecb
2018-04-09,5713.353381014304291287386216,blockchain.info-x-ecb
2018-04-10,5488.560796052099344713210905,blockchain.info-x-ecb
2018-04-11,5530.765503875968992248062016,blockchain.info-x-ecb
2018-04-12,5644.210013795342043333603830,blockchain.info-x-ecb
2018-04-13,6447.560282536331899001380206,blockchain.info-x-ecb
2018-04-14,6410.043029958593813428594625,blockchain.info-x-ecb
2018-04-15,6506.381424048063651863278396,blockchain.info-x-ecb
2018-04-16,6764.834276475343573160873080,blockchain.info-x-ecb
2018-04-17,6529.926357530144857165978797,blockchain.info-x-ecb
2018-04-18,6382.943170810461737164998386,blockchain.info-x-ecb
2018-04-19,6603.101276045873041511872072,blockchain.info-x-ecb
2018-04-20,6733.382078154196116662604598,blockchain.info-x-ecb
2018-04-21,7211.398163945080835161264116,blockchain.info-x-ecb
2018-04-22,7255.341619952880006499309448,blockchain.info-x-ecb
2018-04-23,7201.143977774146102304298088,blockchain.info-x-ecb
2018-04-24,7330.451158601490215344305249,blockchain.info-x-ecb
2018-04-25,7926.228970045137464095199015,blockchain.info-x-ecb
2018-04-26,7289.727153188691650230111769,blockchain.info-x-ecb
2018-04-27,7700.637945318972659486329743,blockchain.info-x-ecb
2018-04-28,7397.307373653686826843413422,blockchain.info-x-ecb
2018-04-29,7745.990057995028997514498757,blockchain.info-x-ecb
2018-04-30,7780.776554350525705770345227,blockchain.info-x-ecb
2018-05-01,7649.267323453928305323288352,blockchain.info-x-ecb
2018-05-02,7558.074456567002581827267427,blockchain.info-x-ecb
2018-05-03,7689.092728485657104736490994,blockchain.info-x-ecb
2018-05-04,8148.842844013702063664466539,blockchain.info-x-ecb
2018-05-05,8101.036009691703567549502882,blockchain.info-x-ecb
2018-05-06,8219.500375971259085972094578,blockchain.info-x-ecb
2018-05-07,8092.287010586456057805410855,blockchain.info-x-ecb
2018-05-08,7893.142375737152485256950295,blockchain.info-x-ecb
2018-05-09,7733.555013048236383533967506,blockchain.info-x-ecb
2018-05-10,7838.331368917326149183364203,blockchain.info-x-ecb
2018-05-11,7554.784648902295961119490531,blockchain.info-x-ecb
2018-05-12,7036.056644880174291938997821,blockchain.info-x-ecb
2018-05-13,7091.938997821350762527233115,blockchain.info-x-ecb
2018-05-14,7250.133466800133466800133467,blockchain.info-x-ecb
2018-05-15,7297.408061937221240427501473,blockchain.info-x-ecb
2018-05-16,7188.611676849966055668703327,blockchain.info-x-ecb
2018-05-17,7067.573062261753494282083863,blockchain.info-x-ecb
2018-05-18,6844.800950683303624480095068,blockchain.info-x-ecb
2018-05-19,6993.531958237840590781767252,blockchain.info-x-ecb
2018-05-20,6996.069943128766658178422884,blockchain.info-x-ecb
2018-05-21,7246.015817671570711795220682,blockchain.info-x-ecb
2018-05-22,7119.408173647617432592843819,blockchain.info-x-ecb
2018-05-23,6822.155790912196788520669628,blockchain.info-x-ecb
2018-05-24,6405.107435197817189631650750,blockchain.info-x-ecb
2018-05-25,6489.747323340471092077087794,blockchain.info-x-ecb
2018-05-26,6394.107066381156316916488223,blockchain.info-x-ecb
2018-05-27,6282.406852248394004282655246,blockchain.info-x-ecb
2018-05-28,6307.591892820336654070766060,blockchain.info-x-ecb
2018-05-29,6148.174424640941339332064371,blockchain.info-x-ecb
2018-05-30,6410.780605226960110041265475,blockchain.info-x-ecb
2018-05-31,6313.975553466108214377297205,blockchain.info-x-ecb
2018-06-01,6418.424886451281172336961179,blockchain.info-x-ecb
2018-06-02,6443.285628588568000685577170,blockchain.info-x-ecb
2018-06-03,6544.811037792441511697660468,blockchain.info-x-ecb
2018-06-04,6572.250149101133168612081452,blockchain.info-x-ecb
2018-06-05,6420.102783725910064239828694,blockchain.info-x-ecb
2018-06-06,6476.353591160220994475138122,blockchain.info-x-ecb
2018-06-07,6466.677931733693815478202095,blockchain.info-x-ecb
2018-06-08,6540.216096647949634167092054,blockchain.info-x-ecb
2018-06-09,6479.104985536838523055980943,blockchain.info-x-ecb
2018-06-10,6378.339288752765016164709886,blockchain.info-x-ecb
2018-06-11,5735.453774385072094995759118,blockchain.info-x-ecb
2018-06-12,5835.858500169664065151001018,blockchain.info-x-ecb
2018-06-13,5570.384223053383202992179531,blockchain.info-x-ecb
2018-06-14,5370.750213128729752770673487,blockchain.info-x-ecb
2018-06-15,5723.878923766816143497757848,blockchain.info-x-ecb
2018-06-16,5511.521214211797171438427044,blockchain.info-x-ecb
2018-06-17,5595.619179027250776129699897,blockchain.info-x-ecb
2018-06-18,5550.495134762765865840006889,blockchain.info-x-ecb
2018-06-19,5819.750303450667591468701231,blockchain.info-x-ecb
2018-06-20,5824.330627051304197616168596,blockchain.info-x-ecb
2018-06-21,5859.620384815392615704628185,blockchain.info-x-ecb
2018-06-22,5769.050480769230769230769231,blockchain.info-x-ecb
2018-06-23,5202.008928571428571428571429,blockchain.info-x-ecb
2018-06-24,5297.441620879120879120879121,blockchain.info-x-ecb
2018-06-25,5262.427350427350427350427350,blockchain.info-x-ecb
2018-06-26,5354.369431117203564084989719,blockchain.info-x-ecb
2018-06-27,5249.190771349862258953168044,blockchain.info-x-ecb
2018-06-28,5304.299404299404299404299404,blockchain.info-x-ecb
2018-06-29,5042.151312403499742665980443,blockchain.info-x-ecb
2018-06-30,5338.205524103619831875107223,blockchain.info-x-ecb
2018-07-01,5497.435237605078057985932407,blockchain.info-x-ecb
2018-07-02,5469.249935561474353466792680,blockchain.info-x-ecb
2018-07-03,5680.617231033004714959279897,blockchain.info-x-ecb
2018-07-04,5599.527572582030578938326748,blockchain.info-x-ecb
2018-07-05,5638.671107694935519685711846,blockchain.info-x-ecb
2018-07-06,5591.530194472876151484135107,blockchain.info-x-ecb
2018-07-07,5653.863868986693961105424770,blockchain.info-x-ecb
2018-07-08,5781.627430910951893551688843,blockchain.info-x-ecb
2018-07-09,5703.655950462295360081431843,blockchain.info-x-ecb
2018-07-10,5705.353026551694698198582771,blockchain.info-x-ecb
2018-07-11,5393.498082658713250958670643,blockchain.info-x-ecb
2018-07-12,5492.520157831531995196431635,blockchain.info-x-ecb
2018-07-13,5358.988233273211371639611784,blockchain.info-x-ecb
2018-07-14,5342.351627587391565747659538,blockchain.info-x-ecb
2018-07-15,5367.035987288499527613158121,blockchain.info-x-ecb
2018-07-16,5416.459044368600682593856655,blockchain.info-x-ecb
2018-07-17,5751.097633894251302639446485,blockchain.info-x-ecb
2018-07-18,6305.761777624666264748944966,blockchain.info-x-ecb
2018-07-19,6360.985502243700379703141181,blockchain.info-x-ecb
2018-07-20,6404.370179948586118251928021,blockchain.info-x-ecb
2018-07-21,6285.338474721508140531276778,blockchain.info-x-ecb
2018-07-22,6348.748928877463581833761782,blockchain.info-x-ecb
2018-07-23,6321.833390235575281666097644,blockchain.info-x-ecb
2018-07-24,6590.722706304459251665812404,blockchain.info-x-ecb
2018-07-25,7201.120615911035072711719418,blockchain.info-x-ecb
2018-07-26,6974.778081256401502219187436,blockchain.info-x-ecb
2018-07-27,6829.944086021505376344086022,blockchain.info-x-ecb
2018-07-28,7035.122580645161290322580645,blockchain.info-x-ecb
2018-07-29,7070.898924731182795698924731,blockchain.info-x-ecb
2018-07-30,7036.040739472783293392673742,blockchain.info-x-ecb
2018-07-31,6962.755623721881390593047035,blockchain.info-x-ecb
2018-08-01,6613.611491108071135430916553,blockchain.info-x-ecb
2018-08-02,6548.764741327365068434191271,blockchain.info-x-ecb
2018-08-03,6503.175698998964445978598550,blockchain.info-x-ecb
2018-08-04,6398.662409389023127373144632,blockchain.info-x-ecb
2018-08-05,6050.465999309630652399033483,blockchain.info-x-ecb
2018-08-06,6092.263709607554361950965953,blockchain.info-x-ecb
2018-08-07,5979.339769005343906223064989,blockchain.info-x-ecb
2018-08-08,5797.074812322029510742945897,blockchain.info-x-ecb
2018-08-09,5414.983179504873630639178815,blockchain.info-x-ecb
2018-08-10,5702.129888268156424581005587,blockchain.info-x-ecb
2018-08-11,5358.729050279329608938547486,blockchain.info-x-ecb
2018-08-12,5436.321578212290502793296089,blockchain.info-x-ecb
2018-08-13,5536.630711216346575462597562,blockchain.info-x-ecb
2018-08-14,5481.439593196563212344380151,blockchain.info-x-ecb
2018-08-15,5467.688366752053705503047434,blockchain.info-x-ecb
2018-08-16,5515.101143359718557607739666,blockchain.info-x-ecb
2018-08-17,5541.875164603634448248617329,blockchain.info-x-ecb
2018-08-18,5774.506189096655254148011588,blockchain.info-x-ecb
2018-08-19,5613.361425686945834430690896,blockchain.info-x-ecb
2018-08-20,5680.017513134851138353765324,blockchain.info-x-ecb
2018-08-21,5444.826986611024169709615719,blockchain.info-x-ecb
2018-08-22,5571.978305785123966942148760,blockchain.info-x-ecb
2018-08-23,5488.012781760082908714051300,blockchain.info-x-ecb
2018-08-24,5631.653434587504314808422506,blockchain.info-x-ecb
2018-08-25,5774.413186054539178460476355,blockchain.info-x-ecb
2018-08-26,5814.868829823955816361753538,blockchain.info-x-ecb
2018-08-27,5766.319951861084844837960973,blockchain.info-x-ecb
2018-08-28,5893.475661827497865072587532,blockchain.info-x-ecb
2018-08-29,6070.488850771869639794168096,blockchain.info-x-ecb
2018-08-30,6014.479986315429353404036948,blockchain.info-x-ecb
2018-08-31,5996.515320573341344090635997,blockchain.info-x-ecb
2018-09-01,6024.186765084542099390610248,blockchain.info-x-ecb
2018-09-02,6177.521242811775813234915458,blockchain.info-x-ecb
2018-09-03,6281.195624084761822723748816,blockchain.info-x-ecb
2018-09-04,6283.584154990486075073516693,blockchain.info-x-ecb
2018-09-05,6353.988948368157485753755828,blockchain.info-x-ecb
2018-09-06,5754.959601168987450575898229,blockchain.info-x-ecb
2018-09-07,5597.236332328885062419285407,blockchain.info-x-ecb
2018-09-08,5509.987085665088247955230306,blockchain.info-x-ecb
2018-09-09,5324.201463624623331898407232,blockchain.info-x-ecb
2018-09-10,5393.639270590268775386742719,blockchain.info-x-ecb
2018-09-11,5448.928633143252116813547607,blockchain.info-x-ecb
2018-09-12,5423.858437634872680189900734,blockchain.info-x-ecb
2018-09-13,5444.096385542168674698795181,blockchain.info-x-ecb
2018-09-14,5543.331337154589785268200873,blockchain.info-x-ecb
2018-09-15,5549.764736076653263752245701,blockchain.info-x-ecb
2018-09-16,5579.938403627341945418769784,blockchain.info-x-ecb
2018-09-17,5567.106503298774740810556079,blockchain.info-x-ecb
2018-09-18,5346.661537146276823117038557,blockchain.info-x-ecb
2018-09-19,5436.178966315248135767549499,blockchain.info-x-ecb
2018-09-20,5428.923442943325686124564534,blockchain.info-x-ecb
2018-09-21,5524.296283697593332766391700,blockchain.info-x-ecb
2018-09-22,5745.488561952546985287864614,blockchain.info-x-ecb
2018-09-23,5713.666128072114975763245174,blockchain.info-x-ecb
2018-09-24,5695.795464197740592882018177,blockchain.info-x-ecb
2018-09-25,5590.090855056465993037276047,blockchain.info-x-ecb
2018-09-26,5480.710573400357842719604669,blockchain.info-x-ecb
2018-09-27,5517.510890919962415648757154,blockchain.info-x-ecb
2018-09-28,5775.812024879060124395300622,blockchain.info-x-ecb
2018-09-29,5726.209398756046993780234969,blockchain.info-x-ecb
2018-09-30,5695.093296475466482377332412,blockchain.info-x-ecb
2018-10-01,5696.208857487506462174737205,blockchain.info-x-ecb
2018-10-02,5706.124924196482716798059430,blockchain.info-x-ecb
2018-10-03,5647.133702805680637339799099,blockchain.info-x-ecb
2018-10-04,5637.045731177186576247609111,blockchain.info-x-ecb
2018-10-05,5708.447766382756822527377021,blockchain.info-x-ecb
2018-10-06,5754.067443073179210846514862,blockchain.info-x-ecb
2018-10-07,5713.210498870154701894663654,blockchain.info-x-ecb
2018-10-08,5740.486147412441191845269211,blockchain.info-x-ecb
2018-10-09,5807.896808045474420638390905,blockchain.info-x-ecb
2018-10-10,5762.478260869565217391304348,blockchain.info-x-ecb
2018-10-11,5685.589632829373650107991361,blockchain.info-x-ecb
2018-10-12,5363.564886815275617763953689,blockchain.info-x-ecb
2018-10-13,5397.442543632279246587178158,blockchain.info-x-ecb
2018-10-14,5413.772248142388111283912217,blockchain.info-x-ecb
2018-10-15,5409.860979190052672480787497,blockchain.info-x-ecb
2018-10-16,5695.322344006213860360749115,blockchain.info-x-ecb
2018-10-17,5738.464874241110147441457069,blockchain.info-x-ecb
2018-10-18,5732.733594089526292916123425,blockchain.info-x-ecb
2018-10-19,5675.335658238884045335658239,blockchain.info-x-ecb
2018-10-20,5635.204882301656495204882302,blockchain.info-x-ecb
2018-10-21,5671.246730601569311246730602,blockchain.info-x-ecb
2018-10-22,5659.283104228293022446493823,blockchain.info-x-ecb
2018-10-23,5657.684265551489806586513330,blockchain.info-x-ecb
2018-10-24,5686.934761612081833347967337,blockchain.info-x-ecb
2018-10-25,5684.802032235459004905395936,blockchain.info-x-ecb
2018-10-26,5699.682679594535037461436756,blockchain.info-x-ecb
2018-10-27,5704.865579550462758924636404,blockchain.info-x-ecb
2018-10-28,5691.679153812252093433230498,blockchain.info-x-ecb
2018-10-29,5666.786749846234952991828486,blockchain.info-x-ecb
2018-10-30,5546.526556454449525149489975,blockchain.info-x-ecb
2018-10-31,5567.776992401484361194557342,blockchain.info-x-ecb
2018-11-01,5563.749670850522250504695866,blockchain.info-x-ecb
2018-11-02,5582.096873083997547516860822,blockchain.info-x-ecb
2018-11-03,5597.284750810195322764298853,blockchain.info-x-ecb
2018-11-04,5571.778926162739774021196461,blockchain.info-x-ecb
2018-11-05,5676.341248900615655233069481,blockchain.info-x-ecb
2018-11-06,5633.321666083304165208260413,blockchain.info-x-ecb
2018-11-07,5639.279185165839644815878820,blockchain.info-x-ecb
2018-11-08,5722.015056022408963585434174,blockchain.info-x-ecb
2018-11-09,5680.389564604265820553499030,blockchain.info-x-ecb
2018-11-10,5620.835536753040719196192491,blockchain.info-x-ecb
2018-11-11,5630.583465538515776485104883,blockchain.info-x-ecb
2018-11-12,5688.885929871282734132268087,blockchain.info-x-ecb
2018-11-13,5669.789539117307521534499600,blockchain.info-x-ecb
2018-11-14,5628.762393767705382436260623,blockchain.info-x-ecb
2018-11-15,5092.233524988942945599292349,blockchain.info-x-ecb
2018-11-16,4987.422880310241494799929491,blockchain.info-x-ecb
2018-11-17,4929.120394852811563546624361,blockchain.info-x-ecb
2018-11-18,4911.369645690111052353252247,blockchain.info-x-ecb
2018-11-19,4914.929552813511857880458563,blockchain.info-x-ecb
2018-11-20,4245.495140530601523509324928,blockchain.info-x-ecb
2018-11-21,3937.224997808747480059602069,blockchain.info-x-ecb
2018-11-22,4048.443392089800929579935105,blockchain.info-x-ecb
2018-11-23,3798.722692036645525017618041,blockchain.info-x-ecb
2018-11-24,3834.548978153629316420014094,blockchain.info-x-ecb
2018-11-25,3402.052501761804087385482734,blockchain.info-x-ecb
2018-11-26,3529.631259350523629323242102,blockchain.info-x-ecb
2018-11-27,3348.649364406779661016949153,blockchain.info-x-ecb
2018-11-28,3392.812832328961361219425736,blockchain.info-x-ecb
2018-11-29,3738.078510582242908579959603,blockchain.info-x-ecb
2018-11-30,3766.854476626463597147636236,blockchain.info-x-ecb
2018-12-01,3533.339202394576987410863632,blockchain.info-x-ecb
2018-12-02,3687.023505590280834580508848,blockchain.info-x-ecb
2018-12-03,3653.900458877515001764913519,blockchain.info-x-ecb
2018-12-04,3413.278990270838811464633184,blockchain.info-x-ecb
2018-12-05,3485.062533028007750572485468,blockchain.info-x-ecb
2018-12-06,3299.251167298035415381904678,blockchain.info-x-ecb
2018-12-07,3064.761234719901503825521062,blockchain.info-x-ecb
2018-12-08,3012.654999560284935361885498,blockchain.info-x-ecb
2018-12-09,3037.252660276141060592735907,blockchain.info-x-ecb
2018-12-10,3140.866520787746170678336980,blockchain.info-x-ecb
2018-12-11,3052.095966253625098866332718,blockchain.info-x-ecb
2018-12-12,3003.067160232681121099947118,blockchain.info-x-ecb
2018-12-13,3067.214844780582182745580864,blockchain.info-x-ecb
2018-12-14,2931.422241914045192733717324,blockchain.info-x-ecb
2018-12-15,2873.212228622064687638458130,blockchain.info-x-ecb
2018-12-16,2863.898980948161276030128489,blockchain.info-x-ecb
2018-12-17,2862.745789612908914557799136,blockchain.info-x-ecb
2018-12-18,3126.078931176935923354135537,blockchain.info-x-ecb
2018-12-19,3256.545374835598421744848751,blockchain.info-x-ecb
2018-12-20,3261.330888132040869793031176,blockchain.info-x-ecb
2018-12-21,3622.910460837567899071315928,blockchain.info-x-ecb
2018-12-22,3416.707552128964429647800946,blockchain.info-x-ecb
2018-12-23,3532.372524969335903276677764,blockchain.info-x-ecb
2018-12-24,3502.077489481065918653576438,blockchain.info-x-ecb
2018-12-25,3572.186185133239831697054698,blockchain.info-x-ecb
2018-12-26,3349.859747545582047685834502,blockchain.info-x-ecb
2018-12-27,3382.447042278280741847587237,blockchain.info-x-ecb
2018-12-28,3176.968744543390955124847215,blockchain.info-x-ecb
2018-12-29,3425.170246202200104766893662,blockchain.info-x-ecb
2018-12-30,3291.740876549676968744543391,blockchain.info-x-ecb
2018-12-31,3375.772925764192139737991266,blockchain.info-x-ecb
2019-01-01,3264.550218340611353711790393,blockchain.info-x-ecb
2019-01-02,3383.241203825568131964552075,blockchain.info-x-ecb
2019-01-03,3464.319703912583715192104336,blockchain.info-x-ecb
2019-01-04,3352.512496711391739016048408,blockchain.info-x-ecb
2019-01-05,3382.109971060247303341225993,blockchain.info-x-ecb
2019-01-06,3360.466543891958256599140577,blockchain.info-x-ecb
2019-01-07,3557.684578418523372651813019,blockchain.info-x-ecb
2019-01-08,3524.694055944055944055944056,blockchain.info-x-ecb
2019-01-09,3510.231340026189436927106067,blockchain.info-x-ecb
2019-01-10,3482.375379280450801907238838,blockchain.info-x-ecb
2019-01-11,3161.579814445504205323853291,blockchain.info-x-ecb
2019-01-12,3170.814185381080378045608255,blockchain.info-x-ecb
2019-01-13,3153.828145322119136391225180,blockchain.info-x-ecb
2019-01-14,3080.108136391383971396180344,blockchain.info-x-ecb
2019-01-15,3223.459383753501400560224090,blockchain.info-x-ecb
2019-01-16,3161.085257704802879971902713,blockchain.info-x-ecb
2019-01-17,3177.808002808002808002808003,blockchain.info-x-ecb
2019-01-18,3208.568672162778459919312401,blockchain.info-x-ecb
2019-01-19,3179.907033853709875460445536,blockchain.info-x-ecb
2019-01-20,3248.535344676372566216453254,blockchain.info-x-ecb
2019-01-21,3123.552191515578243267030452,blockchain.info-x-ecb
2019-01-22,3117.861546591509600140919500,blockchain.info-x-ecb
2019-01-23,3155.933843582299639306765198,blockchain.info-x-ecb
2019-01-24,3144.696234899920641918702054,blockchain.info-x-ecb
2019-01-25,3160.805570245020271461307950,blockchain.info-x-ecb
2019-01-26,3153.349197955226511545919267,blockchain.info-x-ecb
2019-01-27,3152.035959809624537281861449,blockchain.info-x-ecb
2019-01-28,3113.067087055526361884743388,blockchain.info-x-ecb
2019-01-29,3019.243565049903694624409035,blockchain.info-x-ecb
2019-01-30,2993.787732960013999475019687,blockchain.info-x-ecb
2019-01-31,3020.543175487465181058495822,blockchain.info-x-ecb
2019-02-01,3003.059890157789207566907855,blockchain.info-x-ecb
2019-02-02,3029.666114549734112108796094,blockchain.info-x-ecb
2019-02-03,3056.594891465434574143492285,blockchain.info-x-ecb
2019-02-04,3019.676714722586282219309742,blockchain.info-x-ecb
2019-02-05,3022.279611310513875514313228,blockchain.info-x-ecb
2019-02-06,3043.127962085308056872037915,blockchain.info-x-ecb
2019-02-07,3001.939180255619215513442045,blockchain.info-x-ecb
2019-02-08,2992.032434338092719901286797,blockchain.info-x-ecb
2019-02-09,3226.758328926493918561607615,blockchain.info-x-ecb
2019-02-10,3229.666842940243257535695399,blockchain.info-x-ecb
2019-02-11,3259.607392342382173490140596,blockchain.info-x-ecb
2019-02-12,3213.057719546742209631728045,blockchain.info-x-ecb
2019-02-13,3213.109243697478991596638655,blockchain.info-x-ecb
2019-02-14,3207.756478523251686190983316,blockchain.info-x-ecb
2019-02-15,3197.433392539964476021314387,blockchain.info-x-ecb
2019-02-16,3204.440497335701598579040853,blockchain.info-x-ecb
2019-02-17,3214.520426287744227353463588,blockchain.info-x-ecb
2019-02-18,3240.413135593220338983050847,blockchain.info-x-ecb
2019-02-19,3462.723570037187887373826811,blockchain.info-x-ecb
2019-02-20,3461.937929818374184447187445,blockchain.info-x-ecb
2019-02-21,3511.696318478069402853619870,blockchain.info-x-ecb
2019-02-22,3483.337748344370860927152318,blockchain.info-x-ecb
2019-02-23,3517.421633554083885209713024,blockchain.info-x-ecb
2019-02-24,3655.275938189845474613686534,blockchain.info-x-ecb
2019-02-25,3317.384412153236459709379128,blockchain.info-x-ecb
2019-02-26,3387.316257371710236774931784,blockchain.info-x-ecb
2019-02-27,3365.053574565255577024415949,blockchain.info-x-ecb
2019-02-28,3357.769796776454099509460406,blockchain.info-x-ecb
2019-03-01,3382.306948958973908459984187,blockchain.info-x-ecb
2019-03-02,3368.725292102257752789247123,blockchain.info-x-ecb
2019-03-03,3365.931652464201001493455152,blockchain.info-x-ecb
2019-03-04,3364.717297344976625209491047,blockchain.info-x-ecb
2019-03-05,3293.300379556889398887810045,blockchain.info-x-ecb
2019-03-06,3425.254312251216275984077842,blockchain.info-x-ecb
2019-03-07,3439.668174962292609351432881,blockchain.info-x-ecb
2019-03-08,3463.571555872393512742826591,blockchain.info-x-ecb
2019-03-09,3453.894136517554803065407236,blockchain.info-x-ecb
2019-03-10,3520.370700409909107111031902,blockchain.info-x-ecb
2019-03-11,3493.569903948772678762006403,blockchain.info-x-ecb
2019-03-12,3442.208425720620842572062084,blockchain.info-x-ecb
2019-03-13,3443.784835884278510130053968,blockchain.info-x-ecb
2019-03-14,3433.173970783532536520584329,blockchain.info-x-ecb
2019-03-15,3435.806508666430845419172267,blockchain.info-x-ecb
2019-03-16,3481.163777856384860275910860,blockchain.info-x-ecb
2019-03-17,3551.423770781747435443933498,blockchain.info-x-ecb
2019-03-18,3520.063441712926249008723236,blockchain.info-x-ecb
2019-03-19,3520.663849269237541820743089,blockchain.info-x-ecb
2019-03-20,3548.626034877576184604544654,blockchain.info-x-ecb
2019-03-21,3562.307894967945903222973566,blockchain.info-x-ecb
2019-03-22,3532.419040877720757388072907,blockchain.info-x-ecb
2019-03-23,3538.364891169704477083702000,blockchain.info-x-ecb
2019-03-24,3549.743408246328083525039816,blockchain.info-x-ecb
2019-03-25,3526.807947019867549668874172,blockchain.info-x-ecb
2019-03-26,3485.864848109113453192808431,blockchain.info-x-ecb
2019-03-27,3505.674451647278216854631027,blockchain.info-x-ecb
2019-03-28,3608.940987698341950436798003,blockchain.info-x-ecb
2019-03-29,3593.564753004005340453938585,blockchain.info-x-ecb
2019-03-30,3663.150867823765020026702270,blockchain.info-x-ecb
2019-03-31,3662.162883845126835781041389,blockchain.info-x-ecb
2019-04-01,3661.587753648985404058383766,blockchain.info-x-ecb
2019-04-02,3707.616071428571428571428571,blockchain.info-x-ecb
2019-04-03,4343.040113848616917192920039,blockchain.info-x-ecb
2019-04-04,4420.902041180140832516267047,blockchain.info-x-ecb
2019-04-05,4372.153476364283806641146622,blockchain.info-x-ecb
2019-04-06,4476.782693848482150805661889,blockchain.info-x-ecb
2019-04-07,4498.815988605003115819460518,blockchain.info-x-ecb
2019-04-08,4614.431797972612484438911613,blockchain.info-x-ecb
2019-04-09,4672.084774319411190919570808,blockchain.info-x-ecb
2019-04-10,4588.890859118716198244525224,blockchain.info-x-ecb
2019-04-11,4714.293323863636363636363636,blockchain.info-x-ecb
2019-04-12,4447.504637399523010334776080,blockchain.info-x-ecb
2019-04-13,4480.920413391043194064128611,blockchain.info-x-ecb
2019-04-14,4473.650737567352707358007243,blockchain.info-x-ecb
2019-04-15,4554.503668346150446389109874,blockchain.info-x-ecb
2019-04-16,4454.825298540468819106590004,blockchain.info-x-ecb
2019-04-17,4598.398371825502167949738961,blockchain.info-x-ecb
2019-04-18,4640.328888888888888888888889,blockchain.info-x-ecb
2019-04-19,4690.053333333333333333333333,blockchain.info-x-ecb
2019-04-20,4690.702222222222222222222222,blockchain.info-x-ecb
2019-04-21,4719.36,blockchain.info-x-ecb
2019-04-22,4694.96,blockchain.info-x-ecb
2019-04-23,4781.849710982658959537572254,blockchain.info-x-ecb
2019-04-24,4922.972611294495494691765546,blockchain.info-x-ecb
2019-04-25,4885.543468488717072732176571,blockchain.info-x-ecb
2019-04-26,4666.855295068714632174616006,blockchain.info-x-ecb
2019-04-27,4754.181262912063235426210366,blockchain.info-x-ecb
2019-04-28,4742.827629569747597233450103,blockchain.info-x-ecb
2019-04-29,4754.520179372197309417040359,blockchain.info-x-ecb
2019-04-30,4689.472276698163665537528971,blockchain.info-x-ecb
2019-05-01,4697.619896594758423961490462,blockchain.info-x-ecb
2019-05-02,4750.865144488048519443453443,blockchain.info-x-ecb
2019-05-03,4832.057373375168086060062752,blockchain.info-x-ecb
2019-05-04,5071.393993724787090990587181,blockchain.info-x-ecb
2019-05-05,5173.536530703720304796055580,blockchain.info-x-ecb
2019-05-06,5105.509420483971783194928119,blockchain.info-x-ecb
2019-05-07,5082.226195797943674564148413,blockchain.info-x-ecb
2019-05-08,5138.118193179789323335118729,blockchain.info-x-ecb
2019-05-09,5303.957830787099079782006611,blockchain.info-x-ecb
2019-05-10,5473.650934995547640249332146,blockchain.info-x-ecb
2019-05-11,5652.733748886910062333036509,blockchain.info-x-ecb
2019-05-12,6454.416740872662511130899377,blockchain.info-x-ecb
2019-05-13,6205.984882169853268119164073,blockchain.info-x-ecb
2019-05-14,6968.742205594156422590415108,blockchain.info-x-ecb
2019-05-15,7147.178753465080926406152195,blockchain.info-x-ecb
2019-05-16,7325.627064179237704186378649,blockchain.info-x-ecb
2019-05-17,7058.682420336555674901539563,blockchain.info-x-ecb
2019-05-18,6589.885427855352667382742571,blockchain.info-x-ecb
2019-05-19,6502.909058360186179735051916,blockchain.info-x-ecb
2019-05-20,7337.422763499597026954419271,blockchain.info-x-ecb
2019-05-21,7174.115222650300152316100708,blockchain.info-x-ecb
2019-05-22,7118.879240891594306686957300,blockchain.info-x-ecb
2019-05-23,6846.153155579495466379387737,blockchain.info-x-ecb
2019-05-24,7044.149459193706981317600787,blockchain.info-x-ecb
2019-05-25,7154.071690354876195584160186,blockchain.info-x-ecb
2019-05-26,7215.026369893626530794672388,blockchain.info-x-ecb
2019-05-27,7808.912305768887301303804251,blockchain.info-x-ecb
2019-05-28,7836.007862759113652609006433,blockchain.info-x-ecb
2019-05-29,7816.314091072068841878809609,blockchain.info-x-ecb
2019-05-30,7780.653853062690856834920065,blockchain.info-x-ecb
2019-05-31,7418.581293157564344005021971,blockchain.info-x-ecb
2019-06-01,7670.890503093892924401398978,blockchain.info-x-ecb
2019-06-02,7671.778315846112456281947807,blockchain.info-x-ecb
2019-06-03,7813.169423334823424228877962,blockchain.info-x-ecb
2019-06-04,7234.898612593383137673425827,blockchain.info-x-ecb
2019-06-05,6818.690592520209647330549880,blockchain.info-x-ecb
2019-06-06,6911.095331084679566838274454,blockchain.info-x-ecb
2019-06-07,6922.052692273574026434844318,blockchain.info-x-ecb
2019-06-08,7095.085602767674975605428901,blockchain.info-x-ecb
2019-06-09,7035.695910582808480439989355,blockchain.info-x-ecb
2019-06-10,6761.003451022033448367401115,blockchain.info-x-ecb
2019-06-11,7085.141342756183745583038869,blockchain.info-x-ecb
2019-06-12,6992.475492360681798110041508,blockchain.info-x-ecb
2019-06-13,7239.844096022676942156081141,blockchain.info-x-ecb
2019-06-14,7312.809587217043941411451398,blockchain.info-x-ecb
2019-06-15,7717.354638260097647581003107,blockchain.info-x-ecb
2019-06-16,7864.598313359964491788726143,blockchain.info-x-ecb
2019-06-17,7992.691828378137795976499911,blockchain.info-x-ecb
2019-06-18,8337.784928935371413247519442,blockchain.info-x-ecb
2019-06-19,8098.670473811010975283305077,blockchain.info-x-ecb
2019-06-20,8208.808702573626956752454232,blockchain.info-x-ecb
2019-06-21,8422.896783315659243548957229,blockchain.info-x-ecb
2019-06-22,9022.074938140685754683633793,blockchain.info-x-ecb
2019-06-23,9427.916224814422057264050901,blockchain.info-x-ecb
2019-06-24,9491.381428822187116025978585,blockchain.info-x-ecb
2019-06-25,9674.657534246575342465753425,blockchain.info-x-ecb
2019-06-26,10355.92325294842457313853195,blockchain.info-x-ecb
2019-06-27,11374.27440633245382585751979,blockchain.info-x-ecb
2019-06-28,9782.820738137082601054481547,blockchain.info-x-ecb
2019-06-29,10873.76977152899824253075571,blockchain.info-x-ecb
2019-06-30,10448.48857644991212653778559,blockchain.info-x-ecb
2019-07-01,9461.388668605163450524275267,blockchain.info-x-ecb
2019-07-02,9360.870719405362357313512079,blockchain.info-x-ecb
2019-07-03,9568.228105906313645621181263,blockchain.info-x-ecb
2019-07-04,10617.25726435152374202693125,blockchain.info-x-ecb
2019-07-05,9911.625222024866785079928952,blockchain.info-x-ecb
2019-07-06,9729.271758436944937833037300,blockchain.info-x-ecb
2019-07-07,9975.168738898756660746003552,blockchain.info-x-ecb
2019-07-08,10233.62460989745876058849755,blockchain.info-x-ecb
2019-07-09,10988.91566265060240963855422,blockchain.info-x-ecb
2019-07-10,11218.16399286987522281639929,blockchain.info-x-ecb
2019-07-11,10722.10899424014178112538768,blockchain.info-x-ecb
2019-07-12,10088.74966675553185817115436,blockchain.info-x-ecb
2019-07-13,10489.62054563227583755442993,blockchain.info-x-ecb
2019-07-14,10120.94552563760774904469919,blockchain.info-x-ecb
2019-07-15,9039.808323719939657467388411,blockchain.info-x-ecb
2019-07-16,9688.585939588345362202619620,blockchain.info-x-ecb
2019-07-17,8379.598751671868033883192153,blockchain.info-x-ecb
2019-07-18,8625.427960057061340941512126,blockchain.info-x-ecb
2019-07-19,9476.714769285587030108676287,blockchain.info-x-ecb
2019-07-20,9385.132727596650632460359879,blockchain.info-x-ecb
2019-07-21,9589.257081774452164617851416,blockchain.info-x-ecb
2019-07-22,9440.401248328131966116807847,blockchain.info-x-ecb
2019-07-23,9239.792356573883469077239774,blockchain.info-x-ecb
2019-07-24,8836.894075403949730700179533,blockchain.info-x-ecb
2019-07-25,8791.875843454790823211875843,blockchain.info-x-ecb
2019-07-26,8866.196803734961393427904471,blockchain.info-x-ecb
2019-07-27,8842.386424851858502424133597,blockchain.info-x-ecb
2019-07-28,8506.006464356257855988507811,blockchain.info-x-ecb
2019-07-29,8570.914650598075366489792248,blockchain.info-x-ecb
2019-07-30,8518.316299085529854760623991,blockchain.info-x-ecb
2019-07-31,8599.345350192807819926463994,blockchain.info-x-ecb
2019-08-01,9137.174956962942828667210293,blockchain.info-x-ecb
2019-08-02,9370.763551233567441022870520,blockchain.info-x-ecb
2019-08-03,9480.956239870340356564019449,blockchain.info-x-ecb
2019-08-04,9737.592292454529083378354043,blockchain.info-x-ecb
2019-08-05,9819.558218565551779645859417,blockchain.info-x-ecb
2019-08-06,10537.22177527487262000536337,blockchain.info-x-ecb
2019-08-07,10235.37761114086770219603642,blockchain.info-x-ecb
2019-08-08,10685.98231037255427499329938,blockchain.info-x-ecb
2019-08-09,10712.99339167708519378460439,blockchain.info-x-ecb
2019-08-10,10588.17646008215752813002322,blockchain.info-x-ecb
2019-08-11,10075.20985890337560278621182,blockchain.info-x-ecb
2019-08-12,10333.07128819010184027157406,blockchain.info-x-ecb
2019-08-13,10146.37319550882195687043308,blockchain.info-x-ecb
2019-08-14,9705.148373257061136932427601,blockchain.info-x-ecb
2019-08-15,8983.820627802690582959641256,blockchain.info-x-ecb
2019-08-16,9301.345250993138317081979054,blockchain.info-x-ecb
2019-08-17,9353.051643192488262910798122,blockchain.info-x-ecb
2019-08-18,9222.210184182015167930660888,blockchain.info-x-ecb
2019-08-19,9292.623615239124560929478519,blockchain.info-x-ecb
2019-08-20,9856.681112314915131816540267,blockchain.info-x-ecb
2019-08-21,9690.706051873198847262247839,blockchain.info-x-ecb
2019-08-22,9139.583145357755120454750519,blockchain.info-x-ecb
2019-08-23,9138.707636692272932670582919,blockchain.info-x-ecb
2019-08-24,9404.256665160415725259828287,blockchain.info-x-ecb
2019-08-25,9167.464979665612291007681880,blockchain.info-x-ecb
2019-08-26,9117.542281396185678301547319,blockchain.info-x-ecb
2019-08-27,9330.223342939481268011527378,blockchain.info-x-ecb
2019-08-28,9177.975277451953442208788234,blockchain.info-x-ecb
2019-08-29,8776.932803468208092485549133,blockchain.info-x-ecb
2019-08-30,8594.191736136281261326567597,blockchain.info-x-ecb
2019-08-31,8678.860094237042406669083001,blockchain.info-x-ecb
2019-09-01,8699.619427328742297934034070,blockchain.info-x-ecb
2019-09-02,8907.540116703136396790663749,blockchain.info-x-ecb
2019-09-03,9496.790710432476913230319100,blockchain.info-x-ecb
2019-09-04,9639.943728444363768379016155,blockchain.info-x-ecb
2019-09-05,9571.495749683487068185928739,blockchain.info-x-ecb
2019-09-06,9592.636256461412895619842205,blockchain.info-x-ecb
2019-09-07,9356.552099392400471569783259,blockchain.info-x-ecb
2019-09-08,9510.483359027840754511653215,blockchain.info-x-ecb
2019-09-09,9431.985860600018127435874196,blockchain.info-x-ecb
2019-09-10,9342.083333333333333333333333,blockchain.info-x-ecb
2019-09-11,9180.250840679814596019267473,blockchain.info-x-ecb
2019-09-12,9266.915990148681930128614430,blockchain.info-x-ecb
2019-09-13,9390.915645277577505407354001,blockchain.info-x-ecb
2019-09-14,9340.212689257390050468637347,blockchain.info-x-ecb
2019-09-15,9337.896539293439077144917087,blockchain.info-x-ecb
2019-09-16,9346.777264073973347837911341,blockchain.info-x-ecb
2019-09-17,9310.384545619444948304008707,blockchain.info-x-ecb
2019-09-18,9219.542205735999276214602370,blockchain.info-x-ecb
2019-09-19,9178.268726845576940453600795,blockchain.info-x-ecb
2019-09-20,9316.300997280145058930190390,blockchain.info-x-ecb
2019-09-21,9223.127833182230281051677244,blockchain.info-x-ecb
2019-09-22,9047.588395285584768812330009,blockchain.info-x-ecb
2019-09-23,9133.409194355939918070095585,blockchain.info-x-ecb
2019-09-24,8800.672543851676815413978006,blockchain.info-x-ecb
2019-09-25,7788.754325259515570934256055,blockchain.info-x-ecb
2019-09-26,7709.115011885170963613091973,blockchain.info-x-ecb
2019-09-27,7366.840420667581161408321902,blockchain.info-x-ecb
2019-09-28,7493.278463648834019204389575,blockchain.info-x-ecb
2019-09-29,7521.719250114311842706904435,blockchain.info-x-ecb
2019-09-30,7398.971439066948296445954633,blockchain.info-x-ecb
2019-10-01,7623.178564874288860341347036,blockchain.info-x-ecb
2019-10-02,7618.233409610983981693363844,blockchain.info-x-ecb
2019-10-03,7654.122911149666697105287188,blockchain.info-x-ecb
2019-10-04,7501.748793150560160306038801,blockchain.info-x-ecb
2019-10-05,7428.253939338737589944439384,blockchain.info-x-ecb
2019-10-06,7421.158575462246106202750706,blockchain.info-x-ecb
2019-10-07,7158.864732102246884380969708,blockchain.info-x-ecb
2019-10-08,7474.986346258874931731294375,blockchain.info-x-ecb
2019-10-09,7458.337127766141517166014024,blockchain.info-x-ecb
2019-10-10,7785.965548504079782411604714,blockchain.info-x-ecb
2019-10-11,7775.876120619396903015484923,blockchain.info-x-ecb
2019-10-12,7488.662501131938784750520692,blockchain.info-x-ecb
2019-10-13,7523.326994476138730417459024,blockchain.info-x-ecb
2019-10-14,7509.527694678632943522799384,blockchain.info-x-ecb
2019-10-15,7589.297719632960843099845553,blockchain.info-x-ecb
2019-10-16,7403.319727891156462585034014,blockchain.info-x-ecb
2019-10-17,7201.034824079906415909295420,blockchain.info-x-ecb
2019-10-18,7247.648959081119885139985642,blockchain.info-x-ecb
2019-10-19,7137.607681263460157932519742,blockchain.info-x-ecb
2019-10-20,7142.893036611629576453697057,blockchain.info-x-ecb
2019-10-21,7366.920254184194039201646827,blockchain.info-x-ecb
2019-10-22,7387.708894878706199460916442,blockchain.info-x-ecb
2019-10-23,7216.362492133417243549402140,blockchain.info-x-ecb
2019-10-24,6712.401150251617541337167505,blockchain.info-x-ecb
2019-10-25,6691.167732060862519132078869,blockchain.info-x-ecb
2019-10-26,7802.998109300441163230395246,blockchain.info-x-ecb
2019-10-27,8336.904654722247231475645989,blockchain.info-x-ecb
2019-10-28,8615.080725173626770091097682,blockchain.info-x-ecb
2019-10-29,8308.931951329427670121676431,blockchain.info-x-ecb
2019-10-30,8493.922204213938411669367909,blockchain.info-x-ecb
2019-10-31,8216.442531827147211762596378,blockchain.info-x-ecb
2019-11-01,8212.568453182511895143190592,blockchain.info-x-ecb
2019-11-02,8306.840829517910045785079451,blockchain.info-x-ecb
2019-11-03,8350.103240865427776281533351,blockchain.info-x-ecb
2019-11-04,8250.725936547768417279082273,blockchain.info-x-ecb
2019-11-05,8477.855792600594112881447475,blockchain.info-x-ecb
2019-11-06,8395.121731289449954914337241,blockchain.info-x-ecb
2019-11-07,8434.901146519815834612259637,blockchain.info-x-ecb
2019-11-08,8341.707449700924415443175639,blockchain.info-x-ecb
2019-11-09,7944.571324995468551749139025,blockchain.info-x-ecb
2019-11-10,7983.877107123436650353452964,blockchain.info-x-ecb
2019-11-11,8185.055701476315551127615252,blockchain.info-x-ecb
2019-11-12,7914.489332728098048116205175,blockchain.info-x-ecb
2019-11-13,7997.019807377793930583318190,blockchain.info-x-ecb
2019-11-14,7968.009457124670364644903155,blockchain.info-x-ecb
2019-11-15,7823.382272974442631865144100,blockchain.info-x-ecb
2019-11-16,7665.116911364872213159325721,blockchain.info-x-ecb
2019-11-17,7687.783215515678810947978974,blockchain.info-x-ecb
2019-11-18,7688.210830847120513515956966,blockchain.info-x-ecb
2019-11-19,7381.050826035930306039541392,blockchain.info-x-ecb
2019-11-20,7343.159417668866986165114386,blockchain.info-x-ecb
2019-11-21,7286.818140834911189252547110,blockchain.info-x-ecb
2019-11-22,6888.289021522879363356845723,blockchain.info-x-ecb
2019-11-23,6589.211430638451799602098029,blockchain.info-x-ecb
2019-11-24,6623.286308554892385603183216,blockchain.info-x-ecb
2019-11-25,6274.890988372093023255813953,blockchain.info-x-ecb
2019-11-26,6470.281306715063520871143376,blockchain.info-x-ecb
2019-11-27,6507.066945226632755018621128,blockchain.info-x-ecb
2019-11-28,6836.737846433439345751930940,blockchain.info-x-ecb
2019-11-29,6766.527044254234201420506283,blockchain.info-x-ecb
2019-11-30,7063.804407211801129120378802,blockchain.info-x-ecb
2019-12-01,6881.915862320160262247313786,blockchain.info-x-ecb
2019-12-02,6715.676313163385648190147873,blockchain.info-x-ecb
2019-12-03,6602.465901905880227621714389,blockchain.info-x-ecb
2019-12-04,6584.938182474505911018861114,blockchain.info-x-ecb
2019-12-05,6483.549666486389039120245178,blockchain.info-x-ecb
2019-12-06,6666.639625022534703443302686,blockchain.info-x-ecb
2019-12-07,6802.947539210383991346673878,blockchain.info-x-ecb
2019-12-08,6764.764737696051919956733369,blockchain.info-x-ecb
2019-12-09,6792.225733634311512415349887,blockchain.info-x-ecb
2019-12-10,6624.013722126929674099485420,blockchain.info-x-ecb
2019-12-11,6519.873589164785553047404063,blockchain.info-x-ecb
2019-12-12,6467.010864685283289934452725,blockchain.info-x-ecb
2019-12-13,6433.828530517272239126543762,blockchain.info-x-ecb
2019-12-14,6489.949883658492930016108824,blockchain.info-x-ecb
2019-12-15,6325.165562913907284768211921,blockchain.info-x-ecb
2019-12-16,6379.992822537233088103355464,blockchain.info-x-ecb
2019-12-17,6163.357821179000179179358538,blockchain.info-x-ecb
2019-12-18,5948.825910931174089068825911,blockchain.info-x-ecb
2019-12-19,6552.388234235854996851668616,blockchain.info-x-ecb
2019-12-20,6443.957826439578264395782644,blockchain.info-x-ecb
2019-12-21,6479.381814904929260160403713,blockchain.info-x-ecb
2019-12-22,6437.055059926106154816617104,blockchain.info-x-ecb
2019-12-23,6785.020316027088036117381490,blockchain.info-x-ecb
2019-12-24,6608.375451263537906137184116,blockchain.info-x-ecb
2019-12-25,6543.944043321299638989169675,blockchain.info-x-ecb
2019-12-26,6491.624548736462093862815884,blockchain.info-x-ecb
2019-12-27,6450.641083116650228638034610,blockchain.info-x-ecb
2019-12-28,6495.050659015511521563704833,blockchain.info-x-ecb
2019-12-29,6546.283511162915807406079082,blockchain.info-x-ecb
2019-12-30,6600.554115649298418089194745,blockchain.info-x-ecb
2019-12-31,6426.562221826597828022075841,blockchain.info-x-ecb
2020-01-01,6380.906177674915435285739719,blockchain.info-x-ecb
2020-01-02,6410.863932815152327347449299,blockchain.info-x-ecb
2020-01-03,6229.774827307795819503005293,blockchain.info-x-ecb
2020-01-04,6572.485870637839777518614874,blockchain.info-x-ecb
2020-01-05,6591.809455458867856822463443,blockchain.info-x-ecb
2020-01-06,6567.420046453457209219224585,blockchain.info-x-ecb
2020-01-07,6945.255997135696383816684569,blockchain.info-x-ecb
2020-01-08,7346.351776878092667566351777,blockchain.info-x-ecb
2020-01-09,7239.108910891089108910891089,blockchain.info-x-ecb
2020-01-10,7048.886484537011991704986025,blockchain.info-x-ecb
2020-01-11,7379.550987286989450906140114,blockchain.info-x-ecb
2020-01-12,7232.431701379496889369759264,blockchain.info-x-ecb
2020-01-13,7346.728383965486248427107676,blockchain.info-x-ecb
2020-01-14,7292.163742690058479532163743,blockchain.info-x-ecb
2020-01-15,7936.115598635792496858732723,blockchain.info-x-ecb
2020-01-16,7891.386874384456979138687438,blockchain.info-x-ecb
2020-01-17,7852.025567158804465250270076,blockchain.info-x-ecb
2020-01-18,8012.549513863881886928339935,blockchain.info-x-ecb
2020-01-19,8022.011163125675189052934822,blockchain.info-x-ecb
2020-01-20,7851.474966170500676589986468,blockchain.info-x-ecb
2020-01-21,7761.106612685560053981106613,blockchain.info-x-ecb
2020-01-22,7866.396103896103896103896104,blockchain.info-x-ecb
2020-01-23,7807.176990352538093950049590,blockchain.info-x-ecb
2020-01-24,7601.368373357498867240598097,blockchain.info-x-ecb
2020-01-25,7637.671046669687358405074762,blockchain.info-x-ecb
2020-01-26,7546.316266425011327594019030,blockchain.info-x-ecb
2020-01-27,7789.950113378684807256235828,blockchain.info-x-ecb
2020-01-28,8083.398455247614720581553839,blockchain.info-x-ecb
2020-01-29,8531.669848195618580129079175,blockchain.info-x-ecb
2020-01-30,8414.008522984858101369117780,blockchain.info-x-ecb
2020-01-31,8597.873688020267824828085414,blockchain.info-x-ecb
2020-02-01,8445.322113644589214621787912,blockchain.info-x-ecb
2020-02-02,8485.423452768729641693811075,blockchain.info-x-ecb
2020-02-03,8417.278149286101572383878547,blockchain.info-x-ecb
2020-02-04,8403.792541636495293265749457,blockchain.info-x-ecb
2020-02-05,8311.838882336931869726934591,blockchain.info-x-ecb
2020-02-06,8738.434972280287194401526856,blockchain.info-x-ecb
2020-02-07,8893.846294101558938827605069,blockchain.info-x-ecb
2020-02-08,8941.143221806910383808916036,blockchain.info-x-ecb
2020-02-09,9031.926337861245327741817850,blockchain.info-x-ecb
2020-02-10,9279.892247283353118436672450,blockchain.info-x-ecb
2020-02-11,9040.262361251261352169525732,blockchain.info-x-ecb
2020-02-12,9414.861645592816565878687924,blockchain.info-x-ecb
2020-02-13,9528.204656298886537222784577,blockchain.info-x-ecb
2020-02-14,9446.993174691016417635122671,blockchain.info-x-ecb
2020-02-15,9563.300129127467256963659841,blockchain.info-x-ecb
2020-02-16,9135.002767017155506364139458,blockchain.info-x-ecb
2020-02-17,9171.822796492847254268574066,blockchain.info-x-ecb
2020-02-18,8971.828772189349112426035503,blockchain.info-x-ecb
2020-02-19,9426.527777777777777777777778,blockchain.info-x-ecb
2020-02-20,8901.501390176088971269694161,blockchain.info-x-ecb
2020-02-21,8894.417183594111656328117767,blockchain.info-x-ecb
2020-02-22,8977.483566336450328673270993,blockchain.info-x-ecb
2020-02-23,8952.532172946949356541061013,blockchain.info-x-ecb
2020-02-24,9234.045110001848770567572564,blockchain.info-x-ecb
2020-02-25,8914.898523985239852398523985,blockchain.info-x-ecb
2020-02-26,8560.137931034482758620689655,blockchain.info-x-ecb
2020-02-27,8013.060926669098869025902955,blockchain.info-x-ecb
2020-02-28,8021.062221007561264462057028,blockchain.info-x-ecb
2020-02-29,7936.913546506331420242324861,blockchain.info-x-ecb
2020-03-01,7772.087091190671403844401931,blockchain.info-x-ecb
2020-03-02,7673.233231433195468440927891,blockchain.info-x-ecb
2020-03-03,8017.288836916434289826392012,blockchain.info-x-ecb
2020-03-04,7869.069662921348314606741573,blockchain.info-x-ecb
2020-03-05,7829.534280861714490033074104,blockchain.info-x-ecb
2020-03-06,7998.756175017642907551164432,blockchain.info-x-ecb
2020-03-07,8076.826040931545518701482004,blockchain.info-x-ecb
2020-03-08,7849.885321100917431192660550,blockchain.info-x-ecb
2020-03-09,7017.615223463687150837988827,blockchain.info-x-ecb
2020-03-10,6963.950834064969271290605795,blockchain.info-x-ecb
2020-03-11,6956.122088920254057868736768,blockchain.info-x-ecb
2020-03-12,7061.076512455516014234875445,blockchain.info-x-ecb
2020-03-13,4349.972982708933717579250720,blockchain.info-x-ecb
2020-03-14,5051.359870317002881844380403,blockchain.info-x-ecb
2020-03-15,4652.611671469740634005763689,blockchain.info-x-ecb
2020-03-16,4793.797615846553733082369813,blockchain.info-x-ecb
2020-03-17,4576.898561282097978510289565,blockchain.info-x-ecb
2020-03-18,4899.954271081031644411926102,blockchain.info-x-ecb
2020-03-19,5009.008425145819831497083603,blockchain.info-x-ecb
2020-03-20,5786.121229102456336975810218,blockchain.info-x-ecb
2020-03-21,5815.298402913981507425049033,blockchain.info-x-ecb
2020-03-22,5781.124497991967871485943775,blockchain.info-x-ecb
2020-03-23,5399.814522860057497913382176,blockchain.info-x-ecb
2020-03-24,5996.642995480955455132343447,blockchain.info-x-ecb
2020-03-25,6251.491641267202364459222315,blockchain.info-x-ecb
2020-03-26,6100.045533193698205992168291,blockchain.info-x-ecb
2020-03-27,6161.747289787737997631411132,blockchain.info-x-ecb
2020-03-28,5802.213719595517901065864990,blockchain.info-x-ecb
2020-03-29,5703.698642616379703015395828,blockchain.info-x-ecb
2020-03-30,5333.886170019938372303788291,blockchain.info-x-ecb
2020-03-31,5846.376414749908725812340270,blockchain.info-x-ecb
2020-04-01,5878.090709583028529626920263,blockchain.info-x-ecb
2020-04-02,6100.192554557124518613607189,blockchain.info-x-ecb
2020-04-03,6313.500231803430690774223459,blockchain.info-x-ecb
2020-04-04,6250.968938340287436254056560,blockchain.info-x-ecb
2020-04-05,6371.525266573945294390356977,blockchain.info-x-ecb
2020-04-06,6280.641275136687980724677972,blockchain.info-x-ecb
2020-04-07,6746.164446485989894350022967,blockchain.info-x-ecb
2020-04-08,6628.231073498298224634348266,blockchain.info-x-ecb
2020-04-09,6777.427072789178246066071593,blockchain.info-x-ecb
2020-04-10,6711.778779792030919296954081,blockchain.info-x-ecb
2020-04-11,6324.873470138952792859114751,blockchain.info-x-ecb
2020-04-12,6341.768657403147142725683261,blockchain.info-x-ecb
2020-04-13,6363.642219563817060826355020,blockchain.info-x-ecb
2020-04-14,6255.276840280944996807443218,blockchain.info-x-ecb
2020-04-15,6302.806566999908282124186004,blockchain.info-x-ecb
2020-04-16,6083.578251285819250551065393,blockchain.info-x-ecb
2020-04-17,6549.051565377532228360957643,blockchain.info-x-ecb
2020-04-18,6477.799263351749539594843462,blockchain.info-x-ecb
2020-04-19,6684.493554327808471454880295,blockchain.info-x-ecb
2020-04-20,6565.414364640883977900552486,blockchain.info-x-ecb
2020-04-21,6311.931346313555412014395128,blockchain.info-x-ecb
2020-04-22,6305.806570350602742247170332,blockchain.info-x-ecb
2020-04-23,6619.931303379131080579279614,blockchain.info-x-ecb
2020-04-24,6923.703703703703703703703704,blockchain.info-x-ecb
2020-04-25,6951,blockchain.info-x-ecb
2020-04-26,6990.296296296296296296296296,blockchain.info-x-ecb
2020-04-27,7094.793586435680058975304091,blockchain.info-x-ecb
2020-04-28,7162.508044497563666452146732,blockchain.info-x-ecb
2020-04-29,7162.267109389411547684928980,blockchain.info-x-ecb
2020-04-30,8070.641780066200809121000368,blockchain.info-x-ecb
2020-05-01,7933.771607208532548731151159,blockchain.info-x-ecb
2020-05-02,8113.883780801765354909893343,blockchain.info-x-ecb
2020-05-03,8251.029790364104450165502023,blockchain.info-x-ecb
2020-05-04,8137.406324255163589837324072,blockchain.info-x-ecb
2020-05-05,8195.084386239970487872360048,blockchain.info-x-ecb
2020-05-06,8356.583695752752845377995743,blockchain.info-x-ecb
2020-05-07,8504.859501066493554669386998,blockchain.info-x-ecb
2020-05-08,9224.827077377109655999262197,blockchain.info-x-ecb
2020-05-09,9058.194226690030434381628701,blockchain.info-x-ecb
2020-05-10,8786.673429862584155676473301,blockchain.info-x-ecb
2020-05-11,8088.008130081300813008130081,blockchain.info-x-ecb
2020-05-12,7936.314238349603978633265795,blockchain.info-x-ecb
2020-05-13,8105.314942528735632183908046,blockchain.info-x-ecb
2020-05-14,8622.989251297257227575982209,blockchain.info-x-ecb
2020-05-15,9066.780885349138729394332284,blockchain.info-x-ecb
2020-05-16,8616.030746434524912020744582,blockchain.info-x-ecb
2020-05-17,8692.072606038155213928505279,blockchain.info-x-ecb
2020-05-18,8926.698670605612998522895126,blockchain.info-x-ecb
2020-05-19,8876.136986301369863013698630,blockchain.info-x-ecb
2020-05-20,8930.224493520715459025369593,blockchain.info-x-ecb
2020-05-21,8646.063636363636363636363636,blockchain.info-x-ecb
2020-05-22,8306.648936170212765957446809,blockchain.info-x-ecb
2020-05-23,8407.245047688921496698459281,blockchain.info-x-ecb
2020-05-24,8417.388114453411592076302274,blockchain.info-x-ecb
2020-05-25,8002.502291475710357470210816,blockchain.info-x-ecb
2020-05-26,8109.029612756264236902050114,blockchain.info-x-ecb
2020-05-27,8045.537257756346101355654627,blockchain.info-x-ecb
2020-05-28,8349.255628177196804647785040,blockchain.info-x-ecb
2020-05-29,8593.040589080459770114942529,blockchain.info-x-ecb
2020-05-30,8464.421695402298850574712644,blockchain.info-x-ecb
2020-05-31,8708.782327586206896551724138,blockchain.info-x-ecb
2020-06-01,8502.015113350125944584382872,blockchain.info-x-ecb
2020-06-02,9132.119205298013245033112583,blockchain.info-x-ecb
2020-06-03,8509.531892085045560121493657,blockchain.info-x-ecb
2020-06-04,8584.924444444444444444444444,blockchain.info-x-ecb
2020-06-05,8644.801412180052956751985878,blockchain.info-x-ecb
2020-06-06,8494.042365401588702559576346,blockchain.info-x-ecb
2020-06-07,8535.242718446601941747572816,blockchain.info-x-ecb
2020-06-08,8643.198936641559592379264510,blockchain.info-x-ecb
2020-06-09,8661.758455817248096334336816,blockchain.info-x-ecb
2020-06-10,8593.538461538461538461538462,blockchain.info-x-ecb
2020-06-11,8717.069087063799788508988368,blockchain.info-x-ecb
2020-06-12,8215.162774239207360226468507,blockchain.info-x-ecb
2020-06-13,8368.692498230714791224345364,blockchain.info-x-ecb
2020-06-14,8380.661712668082094833687190,blockchain.info-x-ecb
2020-06-15,8291.184573002754820936639118,blockchain.info-x-ecb
2020-06-16,8336.310576582950123806154935,blockchain.info-x-ecb
2020-06-17,8481.125356125356125356125356,blockchain.info-x-ecb
2020-06-18,8425.245054357512029941186954,blockchain.info-x-ecb
2020-06-19,8367.555753791257805530776093,blockchain.info-x-ecb
2020-06-20,8296.297948260481712756467440,blockchain.info-x-ecb
2020-06-21,8347.395182872435325602140946,blockchain.info-x-ecb
2020-06-22,8280.370997948809417640239008,blockchain.info-x-ecb
2020-06-23,8563.262060434705778406078813,blockchain.info-x-ecb
2020-06-24,8529.689716312056737588652482,blockchain.info-x-ecb
2020-06-25,8282.660714285714285714285714,blockchain.info-x-ecb
2020-06-26,8241.193257825737982698653349,blockchain.info-x-ecb
2020-06-27,8164.139837688397395879782395,blockchain.info-x-ecb
2020-06-28,8030.170338000535093195398199,blockchain.info-x-ecb
2020-06-29,8088.860333215171924849344204,blockchain.info-x-ecb
2020-06-30,8202.670119664225754599035542,blockchain.info-x-ecb
2020-07-01,8155.330357142857142857142857,blockchain.info-x-ecb
2020-07-02,8183.926989190147084883926989,blockchain.info-x-ecb
2020-07-03,8096.917320028510334996436208,blockchain.info-x-ecb
2020-07-04,8083.054169636493228795438346,blockchain.info-x-ecb
2020-07-05,8135.522095509622238061297220,blockchain.info-x-ecb
2020-07-06,8025.686534216335540838852097,blockchain.info-x-ecb
2020-07-07,8280.699734278122232063773251,blockchain.info-x-ecb
2020-07-08,8201.515151515151515151515152,blockchain.info-x-ecb
2020-07-09,8323.108799153588432375242462,blockchain.info-x-ecb
2020-07-10,8192.656970556935083362894643,blockchain.info-x-ecb
2020-07-11,8236.431358637814827953174885,blockchain.info-x-ecb
2020-07-12,8190.812344803121674352607308,blockchain.info-x-ecb
2020-07-13,8205.402065495630682319710478,blockchain.info-x-ecb
2020-07-14,8121.432967032967032967032967,blockchain.info-x-ecb
2020-07-15,8086.787836420831876966095771,blockchain.info-x-ecb
2020-07-16,8054.590853338005957595934817,blockchain.info-x-ecb
2020-07-17,7990.024501225061253062653133,blockchain.info-x-ecb
2020-07-18,8010.316765838291914595729786,blockchain.info-x-ecb
2020-07-19,8028.272663633181659082954148,blockchain.info-x-ecb
2020-07-20,8049.143955276030747728860936,blockchain.info-x-ecb
2020-07-21,8008.275801800227213143406449,blockchain.info-x-ecb
2020-07-22,8112.506477802729314216617723,blockchain.info-x-ecb
2020-07-23,8243.927737920304261388192584,blockchain.info-x-ecb
2020-07-24,8281.452446588559614059269469,blockchain.info-x-ecb
2020-07-25,8228.187456926257753273604411,blockchain.info-x-ecb
2020-07-26,8362.767057201929703652653343,blockchain.info-x-ecb
2020-07-27,8451.386054421768707482993197,blockchain.info-x-ecb
2020-07-28,9424.255355466416318170180080,blockchain.info-x-ecb
2020-07-29,9326.174840085287846481876333,blockchain.info-x-ecb
2020-07-30,9454.713446308439070084305544,blockchain.info-x-ecb
2020-07-31,9381.271100607697501688048616,blockchain.info-x-ecb
2020-08-01,9574.510465901417960837272113,blockchain.info-x-ecb
2020-08-02,9979.481769074949358541525996,blockchain.info-x-ecb
2020-08-03,9447.185741088180112570356473,blockchain.info-x-ecb
2020-08-04,9555.945601359966000849978751,blockchain.info-x-ecb
2020-08-05,9443.436814577357853888982622,blockchain.info-x-ecb
2020-08-06,9921.709026429114244701511441,blockchain.info-x-ecb
2020-08-07,9962.714733011762714733011763,blockchain.info-x-ecb
2020-08-08,9821.105187441821105187441821,blockchain.info-x-ecb
2020-08-09,9958.195819581958195819581958,blockchain.info-x-ecb
2020-08-10,9932.891269234038935645668622,blockchain.info-x-ecb
2020-08-11,10093.38029364338453704489519,blockchain.info-x-ecb
2020-08-12,9678.387562653980120635460029,blockchain.info-x-ecb
2020-08-13,9780.368461083410800304233922,blockchain.info-x-ecb
2020-08-14,9969.889105223059341403538475,blockchain.info-x-ecb
2020-08-15,9967.307203927876068737831203,blockchain.info-x-ecb
2020-08-16,10051.62109540336916955896047,blockchain.info-x-ecb
2020-08-17,10051.47220113051548131274783,blockchain.info-x-ecb
2020-08-18,10325.65093230304048378968587,blockchain.info-x-ecb
2020-08-19,10030.61258694376937903293388,blockchain.info-x-ecb
2020-08-20,9902.109704641350210970464135,blockchain.info-x-ecb
2020-08-21,10082.26697255501741864219560,blockchain.info-x-ecb
2020-08-22,9790.806355680176735491545586,blockchain.info-x-ecb
2020-08-23,9927.300535304613815957175631,blockchain.info-x-ecb
2020-08-24,9836.262344897442390478602178,blockchain.info-x-ecb
2020-08-25,9957.618080243778567800914170,blockchain.info-x-ecb
2020-08-26,9616.931037407752990075494105,blockchain.info-x-ecb
2020-08-27,9713.171268846349313908182280,blockchain.info-x-ecb
2020-08-28,9485.530843474611833822912295,blockchain.info-x-ecb
2020-08-29,9680.864456567352077213596307,blockchain.info-x-ecb
2020-08-30,9636.290390264372639530004196,blockchain.info-x-ecb
2020-08-31,9805.510887772194304857621441,blockchain.info-x-ecb
2020-09-01,9726.845749562025527654959540,blockchain.info-x-ecb
2020-09-02,10052.48292724053621111204789,blockchain.info-x-ecb
2020-09-03,9648.218064843816134766782358,blockchain.info-x-ecb
2020-09-04,8602.862692112818780611383212,blockchain.info-x-ecb
2020-09-05,8839.630130045600405336936328,blockchain.info-x-ecb
2020-09-06,8579.310927208241851038675899,blockchain.info-x-ecb
2020-09-07,8672.978687415426251691474966,blockchain.info-x-ecb
2020-09-08,8797.403478998727195587611370,blockchain.info-x-ecb
2020-09-09,8597.230952178714006625329143,blockchain.info-x-ecb
2020-09-10,8631.808591442315807241117394,blockchain.info-x-ecb
2020-09-11,8733.473932849670997131769867,blockchain.info-x-ecb
2020-09-12,8769.563016703222540914459254,blockchain.info-x-ecb
2020-09-13,8812.586468702547663236038468,blockchain.info-x-ecb
2020-09-14,8698.863253620747726507241495,blockchain.info-x-ecb
2020-09-15,8976.320215270770265724857047,blockchain.info-x-ecb
2020-09-16,9087.218805291094447720953745,blockchain.info-x-ecb
2020-09-17,9280.690005933711960667966432,blockchain.info-x-ecb
2020-09-18,9248.618270937209498859122792,blockchain.info-x-ecb
2020-09-19,9238.392630778331783993915322,blockchain.info-x-ecb
2020-09-20,9364.852531057212879236034818,blockchain.info-x-ecb
2020-09-21,9264.146941545770764401459235,blockchain.info-x-ecb
2020-09-22,8884.548551959114139693356048,blockchain.info-x-ecb
2020-09-23,9008.056790968183373246664386,blockchain.info-x-ecb
2020-09-24,8788.733361957921854873336196,blockchain.info-x-ecb
2020-09-25,9225.055870723740759841842874,blockchain.info-x-ecb
2020-09-26,9191.026302217637957710159876,blockchain.info-x-ecb
2020-09-27,9225.030084235860409145607702,blockchain.info-x-ecb
2020-09-28,9232.425021422450728363324764,blockchain.info-x-ecb
2020-09-29,9137.181678345581951803110579,blockchain.info-x-ecb
2020-09-30,9259.309873590707208746156474,blockchain.info-x-ecb
2020-10-01,9171.136827773995915588835943,blockchain.info-x-ecb
2020-10-02,9053.060528559249786871270247,blockchain.info-x-ecb
2020-10-03,9015.396419437340153452685422,blockchain.info-x-ecb
2020-10-04,8995.541346973572037510656436,blockchain.info-x-ecb
2020-10-05,9069.901427600271923861318831,blockchain.info-x-ecb
2020-10-06,9146.723187791437049597286986,blockchain.info-x-ecb
2020-10-07,9009.124893797790994052676296,blockchain.info-x-ecb
2020-10-08,9069.953251168720781980450489,blockchain.info-x-ecb
2020-10-09,9260.958033064857990674014413,blockchain.info-x-ecb
2020-10-10,9379.559135226791013141161509,blockchain.info-x-ecb
2020-10-11,9582.594319626960576515472658,blockchain.info-x-ecb
2020-10-12,9642.012034918213407915925078,blockchain.info-x-ecb
2020-10-13,9790.481038432171035886994146,blockchain.info-x-ecb
2020-10-14,9726.161702127659574468085106,blockchain.info-x-ecb
2020-10-15,9772.029406736194221234399043,blockchain.info-x-ecb
2020-10-16,9797.913295290009368878289754,blockchain.info-x-ecb
2020-10-17,9647.874968060642194020952219,blockchain.info-x-ecb
2020-10-18,9681.040797206370837237032621,blockchain.info-x-ecb
2020-10-19,9765.125159100551548578701739,blockchain.info-x-ecb
2020-10-20,9956.104995766299745977984759,blockchain.info-x-ecb
2020-10-21,10061.98110023624704691191360,blockchain.info-x-ecb
2020-10-22,10854.88537348786058709077066,blockchain.info-x-ecb
2020-10-23,10956.68859649122807017543860,blockchain.info-x-ecb
2020-10-24,10918.11740890688259109311741,blockchain.info-x-ecb
2020-10-25,11073.26248313090418353576248,blockchain.info-x-ecb
2020-10-26,11030.34943734664523225315170,blockchain.info-x-ecb
2020-10-27,11051.69878296146044624746450,blockchain.info-x-ecb
2020-10-28,11641.05909439754412893323101,blockchain.info-x-ecb
2020-10-29,11354.23786739576213260423787,blockchain.info-x-ecb
2020-10-30,11505.09488801504530689006668,blockchain.info-x-ecb
2020-10-31,11595.75995896734484527269619,blockchain.info-x-ecb
2020-11-01,11805.71037784236621644725594,blockchain.info-x-ecb
2020-11-02,11808.17027119807758324751116,blockchain.info-x-ecb
2020-11-03,11600.72637156041702273115707,blockchain.info-x-ecb
2020-11-04,11964.26072860677416602678952,blockchain.info-x-ecb
2020-11-05,11940.60733867566427667650780,blockchain.info-x-ecb
2020-11-06,13135.12215669755686604886268,blockchain.info-x-ecb
2020-11-07,13138.81213142375737152485257,blockchain.info-x-ecb
2020-11-08,12501.97135636057287278854254,blockchain.info-x-ecb
2020-11-09,13035.93368677943280316418413,blockchain.info-x-ecb
2020-11-10,12981.47865853658536585365854,blockchain.info-x-ecb
2020-11-11,13018.05201427842937276899541,blockchain.info-x-ecb
2020-11-12,13322.57654142990416419302858,blockchain.info-x-ecb
2020-11-13,13792.27253491324587388912399,blockchain.info-x-ecb
2020-11-14,13829.31019889970376639864579,blockchain.info-x-ecb
2020-11-15,13619.18747355057130765975455,blockchain.info-x-ecb
2020-11-16,13498.02197802197802197802198,blockchain.info-x-ecb
2020-11-17,14076.03938730853391684901532,blockchain.info-x-ecb
2020-11-18,14896.96663296258847320525784,blockchain.info-x-ecb
2020-11-19,15042.63860716700473292765382,blockchain.info-x-ecb
2020-11-20,15021.97589142712635926831324,blockchain.info-x-ecb
2020-11-21,15752.71853662648571187726545,blockchain.info-x-ecb
2020-11-22,15763.08690887633819438590576,blockchain.info-x-ecb
2020-11-23,15479.60675573481220065540711,blockchain.info-x-ecb
2020-11-24,15506.87737041719342604298357,blockchain.info-x-ecb
2020-11-25,16124.91169049621530698065601,blockchain.info-x-ecb
2020-11-26,15747.73109243697478991596639,blockchain.info-x-ecb
2020-11-27,14386.37812447575910082200973,blockchain.info-x-ecb
2020-11-28,14375.83459151149136050998155,blockchain.info-x-ecb
2020-11-29,14873.69568864284516020801879,blockchain.info-x-ecb
2020-11-30,15184.97495826377295492487479,blockchain.info-x-ecb
2020-12-01,16468.69151069518716577540107,blockchain.info-x-ecb
2020-12-02,15574.77208685562738272832753,blockchain.info-x-ecb
2020-12-03,15823.36433215373220311085507,blockchain.info-x-ecb
2020-12-04,16000.11514104778353483016695,blockchain.info-x-ecb
2020-12-05,15355.28415165720865202730488,blockchain.info-x-ecb
2020-12-06,15753.81199111769059955588453,blockchain.info-x-ecb
2020-12-07,15977.62203166226912928759894,blockchain.info-x-ecb
2020-12-08,15834.08453029552583787353475,blockchain.info-x-ecb
2020-12-09,15128.30952184325708150962094,blockchain.info-x-ecb
2020-12-10,15315.02269913330581923235658,blockchain.info-x-ecb
2020-12-11,15047.21695390451059619031912,blockchain.info-x-ecb
2020-12-12,14867.12294879195184299496990,blockchain.info-x-ecb
2020-12-13,15505.43415519089634699431022,blockchain.info-x-ecb
2020-12-14,15757.67143561914158855451406,blockchain.info-x-ecb
2020-12-15,15878.57495881383855024711697,blockchain.info-x-ecb
2020-12-16,15948.60119780129625071786037,blockchain.info-x-ecb
2020-12-17,17458.33741629919973869018455,blockchain.info-x-ecb
2020-12-18,18637.29504853576963863284118,blockchain.info-x-ecb
2020-12-19,18884.72958642629904559915164,blockchain.info-x-ecb
2020-12-20,19471.34350273268618973815156,blockchain.info-x-ecb
2020-12-21,19297.28086749363345108025959,blockchain.info-x-ecb
2020-12-22,18584.42683225753738050494321,blockchain.info-x-ecb
2020-12-23,19583.25661680092059838895282,blockchain.info-x-ecb
2020-12-24,19071.08176822767161486098581,blockchain.info-x-ecb
2020-12-25,19450.11892069220044287706061,blockchain.info-x-ecb
2020-12-26,20252.25949315180841466415156,blockchain.info-x-ecb
2020-12-27,21687.20577380464200770934143,blockchain.info-x-ecb
2020-12-28,21480.13749079302725263933219,blockchain.info-x-ecb
2020-12-29,22054.56399380047312178807407,blockchain.info-x-ecb
2020-12-30,22291.64563146323589284260239,blockchain.info-x-ecb
2020-12-31,23516.08670849971477467199087,blockchain.info-x-ecb
2021-01-01,23618.74337869774264526118491,blockchain.info-x-ecb
2021-01-02,23953.83424333795126721538587,blockchain.info-x-ecb
2021-01-03,26237.03039687067068698557575,blockchain.info-x-ecb
2021-01-04,26838.63044892648015614834092,blockchain.info-x-ecb
2021-01-05,26106.29125580637274875723250,blockchain.info-x-ecb
2021-01-06,27594.96676933052358567028692,blockchain.info-x-ecb
2021-01-07,30026.40110785272075594656240,blockchain.info-x-ecb
2021-01-08,32233.50204081632653061224490,blockchain.info-x-ecb
2021-01-09,33200.20408163265306122448980,blockchain.info-x-ecb
2021-01-10,32849.56734693877551020408163,blockchain.info-x-ecb
2021-01-11,31439.68593274685521664063142,blockchain.info-x-ecb
2021-01-12,29228.63251377353836033220952,blockchain.info-x-ecb
2021-01-13,27956.45240835114252835771823,blockchain.info-x-ecb
2021-01-14,30842.23853513691850874298911,blockchain.info-x-ecb
2021-01-15,32300.97335642992658582859028,blockchain.info-x-ecb
2021-01-16,30379.04809040666501691000577,blockchain.info-x-ecb
2021-01-17,29749.40196321042646209684072,blockchain.info-x-ecb
2021-01-18,29669.27221485411140583554377,blockchain.info-x-ecb
2021-01-19,30194.81536432575008242664029,blockchain.info-x-ecb
2021-01-20,29766.24245930088422444426080,blockchain.info-x-ecb
2021-01-21,29230.94258924165158743214344,blockchain.info-x-ecb
2021-01-22,25331.37029116631024839611778,blockchain.info-x-ecb
2021-01-23,27144.57970060865273893732522,blockchain.info-x-ecb
2021-01-24,26402.15495969731863793387070,blockchain.info-x-ecb
2021-01-25,26560.92824226464779460171165,blockchain.info-x-ecb
2021-01-26,26552.96055340525405583463724,blockchain.info-x-ecb
2021-01-27,26862.96846623741125969952122,blockchain.info-x-ecb
2021-01-28,25158.52286824911090894053428,blockchain.info-x-ecb
2021-01-29,27524.03592617007251153592617,blockchain.info-x-ecb
2021-01-30,28274.76928147659854976928148,blockchain.info-x-ecb
2021-01-31,28277.93342122610415293342123,blockchain.info-x-ecb
2021-02-01,27421.76431645150612380006620,blockchain.info-x-ecb
2021-02-02,27833.69312520757223513782796,blockchain.info-x-ecb
2021-02-03,29566.16460014978780061579429,blockchain.info-x-ecb
2021-02-04,31407.34411470490163387795932,blockchain.info-x-ecb
2021-02-05,30878.81999499290661770842026,blockchain.info-x-ecb
2021-02-06,31944.09580238671451222565301,blockchain.info-x-ecb
2021-02-07,32815.87248602186430776933990,blockchain.info-x-ecb
2021-02-08,32372.64033264033264033264033,blockchain.info-x-ecb
2021-02-09,38304.94051553205551883674818,blockchain.info-x-ecb
2021-02-10,38418.05887688628679805392925,blockchain.info-x-ecb
2021-02-11,36945.88787354902445048160040,blockchain.info-x-ecb
2021-02-12,39654.26164519326065411298315,blockchain.info-x-ecb
2021-02-13,39206.64023785926660059464817,blockchain.info-x-ecb
2021-02-14,38970.25933267261314833168153,blockchain.info-x-ecb
2021-02-15,40168.49699068348586033473493,blockchain.info-x-ecb
2021-02-16,39489.29424359713415136292514,blockchain.info-x-ecb
2021-02-17,40762.93532338308457711442786,blockchain.info-x-ecb
2021-02-18,43129.94869248593181065872228,blockchain.info-x-ecb
2021-02-19,42514.33396490649971167311970,blockchain.info-x-ecb
2021-02-20,46063.51429277535217068951314,blockchain.info-x-ecb
2021-02-21,46133.28939780871570969602109,blockchain.info-x-ecb
2021-02-22,47381.40608258468639248330998,blockchain.info-x-ecb
2021-02-23,44571.68739191303631721979741,blockchain.info-x-ecb
2021-02-24,40244.05565618310554915198419,blockchain.info-x-ecb
2021-02-25,41410.91206543967280163599182,blockchain.info-x-ecb
2021-02-26,38611.02219288837554657206501,blockchain.info-x-ecb
2021-02-27,38231.42479993399884497978715,blockchain.info-x-ecb
2021-02-28,38079.25913703489811071693755,blockchain.info-x-ecb
2021-03-01,37429.61918194640338504936530,blockchain.info-x-ecb
2021-03-02,41252.43598270701696042567343,blockchain.info-x-ecb
2021-03-03,40136.15537848605577689243028,blockchain.info-x-ecb
2021-03-04,41945.90327405683895629051022,blockchain.info-x-ecb
2021-03-05,40583.77450159155637460211091,blockchain.info-x-ecb
2021-03-06,40929.28463729267884067683029,blockchain.info-x-ecb
2021-03-07,40946.21377115094655721226336,blockchain.info-x-ecb
2021-03-08,43122.95634586212708579133659,blockchain.info-x-ecb
2021-03-09,43971.18715318648057844291239,blockchain.info-x-ecb
2021-03-10,46149.94954591321897073662967,blockchain.info-x-ecb
2021-03-11,46785.22015205948700810426936,blockchain.info-x-ecb
2021-03-12,48406.93874130562306209670661,blockchain.info-x-ecb
2021-03-13,47978.94913265733679711723791,blockchain.info-x-ecb
2021-03-14,51335.56523925249308639906143,blockchain.info-x-ecb
2021-03-15,49608.61577181208053691275168,blockchain.info-x-ecb
2021-03-16,46750.56179775280898876404494,blockchain.info-x-ecb
2021-03-17,47763.81960191484001007810532,blockchain.info-x-ecb
2021-03-18,49456.85023505708529214237743,blockchain.info-x-ecb
2021-03-19,48495.41670170717349255739635,blockchain.info-x-ecb
2021-03-20,48839.54251114288117063325204,blockchain.info-x-ecb
2021-03-21,48848.54091329576991001597847,blockchain.info-x-ecb
2021-03-22,48139.50192855944994130471239,blockchain.info-x-ecb
2021-03-23,45615.55162837667255743499116,blockchain.info-x-ecb
2021-03-24,46069.73361522198731501057082,blockchain.info-x-ecb
2021-03-25,44490.95915946449754278935774,blockchain.info-x-ecb
2021-03-26,43639.38210830079782719402478,blockchain.info-x-ecb
2021-03-27,46744.58496010864029876082159,blockchain.info-x-ecb
2021-03-28,47414.64097776268884739433033,blockchain.info-x-ecb
2021-03-29,47338.51832993890020366598778,blockchain.info-x-ecb
2021-03-30,49082.42057746358913210118389,blockchain.info-x-ecb
2021-03-31,50089.66311300639658848614072,blockchain.info-x-ecb
2021-04-01,50004.46960667461263408820024,blockchain.info-x-ecb
2021-04-02,50005.89136727396560531244679,blockchain.info-x-ecb
2021-04-03,50256.52988251319598161076111,blockchain.info-x-ecb
2021-04-04,48592.27822237357398263238549,blockchain.info-x-ecb
2021-04-05,49554.35893069981270219649242,blockchain.info-x-ecb
2021-04-06,49995.00507958008804605485946,blockchain.info-x-ecb
2021-04-07,48822.33254796364860316391787,blockchain.info-x-ecb
2021-04-08,47121.42676661332434936410343,blockchain.info-x-ecb
2021-04-09,48829.56763122476446837146703,blockchain.info-x-ecb
2021-04-10,48874.98317631224764468371467,blockchain.info-x-ecb
2021-04-11,50280.95558546433378196500673,blockchain.info-x-ecb
2021-04-12,50373.71471774193548387096774,blockchain.info-x-ecb
2021-04-13,50298.20107599193006052454607,blockchain.info-x-ecb
2021-04-14,53121.39752591106653293212972,blockchain.info-x-ecb
2021-04-15,52605.78111946532999164578112,blockchain.info-x-ecb
2021-04-16,52772.09244118137827465376272,blockchain.info-x-ecb
2021-04-17,51273.13532454530285332888370,blockchain.info-x-ecb
2021-04-18,50131.06123811112965125980310,blockchain.info-x-ecb
2021-04-19,46739.90859991690901537183216,blockchain.info-x-ecb
2021-04-20,46222.83627914695875860924405,blockchain.info-x-ecb
2021-04-21,47062.47189139668526692762555,blockchain.info-x-ecb
2021-04-22,44669.43383695832641540760418,blockchain.info-x-ecb
2021-04-23,42873.95159953588596055030665,blockchain.info-x-ecb
2021-04-24,42394.43891927730813857119178,blockchain.info-x-ecb
2021-04-25,41530.35803083043262058677275,blockchain.info-x-ecb
2021-04-26,40608.67190732312784443525031,blockchain.info-x-ecb
2021-04-27,44719.25876902713434811383190,blockchain.info-x-ecb
2021-04-28,45626.72742336371168185584093,blockchain.info-x-ecb
2021-04-29,45250.30917635419243136284937,blockchain.info-x-ecb
2021-04-30,44350.39728521767919218672405,blockchain.info-x-ecb
2021-05-01,47836.96407879490150637311703,blockchain.info-x-ecb
2021-05-02,47887.35308723721238205595100,blockchain.info-x-ecb
2021-05-03,47003.03885752241780139488542,blockchain.info-x-ecb
2021-05-04,47594.48465185924631894185176,blockchain.info-x-ecb
2021-05-05,44349.62099125364431486880466,blockchain.info-x-ecb
2021-05-06,47656.07794361525704809286899,blockchain.info-x-ecb
2021-05-07,46793.39912098847333941454515,blockchain.info-x-ecb
2021-05-08,47582.94220084584128037150676,blockchain.info-x-ecb
2021-05-09,48867.07853055808939381374907,blockchain.info-x-ecb
2021-05-10,47892.78494535294601035417865,blockchain.info-x-ecb
2021-05-11,45919.06327033689400164338537,blockchain.info-x-ecb
2021-05-12,46831.16025746822908070638719,blockchain.info-x-ecb
2021-05-13,40565.42504759539773197582982,blockchain.info-x-ecb
2021-05-14,40998.32549698919409387115400,blockchain.info-x-ecb
2021-05-15,41180.00494926998267755506063,blockchain.info-x-ecb
2021-05-16,38551.99208116802771591190299,blockchain.info-x-ecb
2021-05-17,38245.60652227620851519393889,blockchain.info-x-ecb
2021-05-18,35670.29945999018163966617575,blockchain.info-x-ecb
2021-05-19,35139.36292171634457910252211,blockchain.info-x-ecb
2021-05-20,30291.13332787019585347865279,blockchain.info-x-ecb
2021-05-21,33462.68460781096160157531999,blockchain.info-x-ecb
2021-05-22,30587.75024614374794880210043,blockchain.info-x-ecb
2021-05-23,30791.18805382343288480472596,blockchain.info-x-ecb
2021-05-24,28459.33508024893547330494595,blockchain.info-x-ecb
2021-05-25,31579.08512720156555772994129,blockchain.info-x-ecb
2021-05-26,31409.35481233134352768010467,blockchain.info-x-ecb
2021-05-27,32190.55582882439744220363994,blockchain.info-x-ecb
2021-05-28,31663.06209850107066381156317,blockchain.info-x-ecb
2021-05-29,29393.52660187777960797232746,blockchain.info-x-ecb
2021-05-30,28535.38955690989952231922253,blockchain.info-x-ecb
2021-05-31,29247.26661749036964183263667,blockchain.info-x-ecb
2021-06-01,30519.86912065439672801635992,blockchain.info-x-ecb
2021-06-02,30085.86903003446578040374200,blockchain.info-x-ecb
2021-06-03,30840.43653072946582423894314,blockchain.info-x-ecb
2021-06-04,32341.82553437319468515309070,blockchain.info-x-ecb
2021-06-05,30441.12404060410992820004952,blockchain.info-x-ecb
2021-06-06,29322.75315672196088140628869,blockchain.info-x-ecb
2021-06-07,29449.24354546949514882420654,blockchain.info-x-ecb
2021-06-08,27511.79609259563290100147759,blockchain.info-x-ecb
2021-06-09,27429.43009430094300943009430,blockchain.info-x-ecb
2021-06-10,30670.57663873829472646623953,blockchain.info-x-ecb
2021-06-11,30271.81030927835051546391753,blockchain.info-x-ecb
2021-06-12,30773.75670103092783505154639,blockchain.info-x-ecb
2021-06-13,29274.14432989690721649484536,blockchain.info-x-ecb
2021-06-14,32254.64002642007926023778071,blockchain.info-x-ecb
2021-06-15,33470.26759167492566897918731,blockchain.info-x-ecb
2021-06-16,33147.93797426591883866710657,blockchain.info-x-ecb
2021-06-17,32105.94789310547038619418614,blockchain.info-x-ecb
2021-06-18,31995.32694570516053118171121,blockchain.info-x-ecb
2021-06-19,30030.10590015128593040847201,blockchain.info-x-ecb
2021-06-20,29857.26172465960665658093797,blockchain.info-x-ecb
2021-06-21,29932.17559498780590362459003,blockchain.info-x-ecb
2021-06-22,26640.78526988397511350260636,blockchain.info-x-ecb
2021-06-23,27150.52296878922265919169944,blockchain.info-x-ecb
2021-06-24,28212.68431635388739946380697,blockchain.info-x-ecb
2021-06-25,28986.92887029288702928870293,blockchain.info-x-ecb
2021-06-26,26477.47280334728033472803347,blockchain.info-x-ecb
2021-06-27,26912.89539748953974895397490,blockchain.info-x-ecb
2021-06-28,29088.53904282115869017632242,blockchain.info-x-ecb
2021-06-29,28984.41285329744279946164199,blockchain.info-x-ecb
2021-06-30,30164.67519353752945136317738,blockchain.info-x-ecb
2021-07-01,29491.21507909794681925277684,blockchain.info-x-ecb
2021-07-02,28365.79548337985282923115960,blockchain.info-x-ecb
2021-07-03,28636.43745242324283176858665,blockchain.info-x-ecb
2021-07-04,29340.25205108686458597648651,blockchain.info-x-ecb
2021-07-05,29756.69981459632563627170066,blockchain.info-x-ecb
2021-07-06,28508.16860956242608548741341,blockchain.info-x-ecb
2021-07-07,28916.41450426844729946750063,blockchain.info-x-ecb
2021-07-08,28585.09883426254434870755195,blockchain.info-x-ecb
2021-07-09,27725.93186034744476302917861,blockchain.info-x-ecb
2021-07-10,28519.58171698431438691178951,blockchain.info-x-ecb
2021-07-11,28264.10018552875695732838590,blockchain.info-x-ecb
2021-07-12,28879.21025987175160310496119,blockchain.info-x-ecb
2021-07-13,27995.82066869300911854103343,blockchain.info-x-ecb
2021-07-14,27672.33322045377582119878090,blockchain.info-x-ecb
2021-07-15,27787.79744262850368363112880,blockchain.info-x-ecb
2021-07-16,26892.55210981189628876461617,blockchain.info-x-ecb
2021-07-17,26623.66548042704626334519573,blockchain.info-x-ecb
2021-07-18,26707.89696661582782579223860,blockchain.info-x-ecb
2021-07-19,27012.99507054224035356110828,blockchain.info-x-ecb
2021-07-20,26170.64968152866242038216561,blockchain.info-x-ecb
2021-07-21,25306.01427115188583078491335,blockchain.info-x-ecb
2021-07-22,27276.48407643312101910828025,blockchain.info-x-ecb
2021-07-23,27447.85416843715475482280955,blockchain.info-x-ecb
2021-07-24,28538.82043001614685136398402,blockchain.info-x-ecb
2021-07-25,29131.75830713010962862241863,blockchain.info-x-ecb
2021-07-26,30003.56324764571137694069738,blockchain.info-x-ecb
2021-07-27,31598.76375952582557154953429,blockchain.info-x-ecb
2021-07-28,33375.07410857965613619039553,blockchain.info-x-ecb
2021-07-29,33692.01549734692158679356523,blockchain.info-x-ecb
2021-07-30,33643.87351778656126482213439,blockchain.info-x-ecb
2021-07-31,35500.92506938020351526364477,blockchain.info-x-ecb
2021-08-01,35034.10983096459507190312001,blockchain.info-x-ecb
2021-08-02,33653.42419653373716977957261,blockchain.info-x-ecb
2021-08-03,32977.65250315523769457299117,blockchain.info-x-ecb
2021-08-04,32154.11853975212882556276874,blockchain.info-x-ecb
2021-08-05,33544.42194092827004219409283,blockchain.info-x-ecb
2021-08-06,34625.22232573896840857118658,blockchain.info-x-ecb
2021-08-07,36271.66087913949352079275006,blockchain.info-x-ecb
2021-08-08,37803.10832556957736935716101,blockchain.info-x-ecb
2021-08-09,37255.45446815746960292492135,blockchain.info-x-ecb
2021-08-10,39526.92373315133936188363760,blockchain.info-x-ecb
2021-08-11,38921.63338453661034306195597,blockchain.info-x-ecb
2021-08-12,38854.63838487094301047789420,blockchain.info-x-ecb
2021-08-13,37754.16914577135571610709732,blockchain.info-x-ecb
2021-08-14,40657.86655333616659583510412,blockchain.info-x-ecb
2021-08-15,40044.36039099022524436889078,blockchain.info-x-ecb
2021-08-16,39973.16513761467889908256881,blockchain.info-x-ecb
2021-08-17,39077.54737826123905838361520,blockchain.info-x-ecb
2021-08-18,38086.30043504222468651369103,blockchain.info-x-ecb
2021-08-19,38284.76402188782489740082079,blockchain.info-x-ecb
2021-08-20,40043.39816639533887413246508,blockchain.info-x-ecb
2021-08-21,42265.23005740724873618370320,blockchain.info-x-ecb
2021-08-22,41926.15885528232370833690344,blockchain.info-x-ecb
2021-08-23,42102.47482505547021676053934,blockchain.info-x-ecb
2021-08-24,42183.56047700170357751277683,blockchain.info-x-ecb
2021-08-25,40682.15746421267893660531697,blockchain.info-x-ecb
2021-08-26,41618.16095861307045126200391,blockchain.info-x-ecb
2021-08-27,39930.95825184933253975002126,blockchain.info-x-ecb
2021-08-28,41711.47011308562197092084006,blockchain.info-x-ecb
2021-08-29,41576.09897117592041493070317,blockchain.info-x-ecb
2021-08-30,41358.17303618337429031438014,blockchain.info-x-ecb
2021-08-31,39779.25468987662666892006084,blockchain.info-x-ecb
2021-09-01,39905.11128035880511128035881,blockchain.info-x-ecb
2021-09-02,41248.32010805335134222522370,blockchain.info-x-ecb
2021-09-03,41550.71597035040431266846361,blockchain.info-x-ecb
2021-09-04,42145.66206199460916442048518,blockchain.info-x-ecb
2021-09-05,42071.58018867924528301886792,blockchain.info-x-ecb
2021-09-06,43635.41807147673634524612272,blockchain.info-x-ecb
2021-09-07,44416.02023608768971332209106,blockchain.info-x-ecb
2021-09-08,39578.22778388433245962627885,blockchain.info-x-ecb
2021-09-09,38924.12569690826153066396351,blockchain.info-x-ecb
2021-09-10,39159.43754750443374714973398,blockchain.info-x-ecb
2021-09-11,37874.74030909551558145426907,blockchain.info-x-ecb
2021-09-12,38125.82552149311713537707964,blockchain.info-x-ecb
2021-09-13,39099.42275042444821731748727,blockchain.info-x-ecb
2021-09-14,38063.95801591332317589300830,blockchain.info-x-ecb
2021-09-15,39810.65629228687415426251691,blockchain.info-x-ecb
2021-09-16,40948.61004845702626880897730,blockchain.info-x-ecb
2021-09-17,40564.73684210526315789473684,blockchain.info-x-ecb
2021-09-18,40121.90152801358234295415959,blockchain.info-x-ecb
2021-09-19,40967.27504244482173174872666,blockchain.info-x-ecb
2021-09-20,40346.15318930919648194005636,blockchain.info-x-ecb
2021-09-21,36549.29289487135798262054865,blockchain.info-x-ecb
2021-09-22,34631.48606019268479836303180,blockchain.info-x-ecb
2021-09-23,37221.30601792573623559539052,blockchain.info-x-ecb
2021-09-24,38304.42870552094888642375629,blockchain.info-x-ecb
2021-09-25,36535.16511647751514634354467,blockchain.info-x-ecb
2021-09-26,36472.40378871917399095485963,blockchain.info-x-ecb
2021-09-27,36914.54094717045648828859634,blockchain.info-x-ecb
2021-09-28,36169.03579380030827196437746,blockchain.info-x-ecb
2021-09-29,35190.62982666895486528230650,blockchain.info-x-ecb
2021-09-30,35860.07427238967095604110890,blockchain.info-x-ecb
2021-10-01,37722.25,blockchain.info-x-ecb
2021-10-02,41500.09482758620689655172414,blockchain.info-x-ecb
2021-10-03,41144.05172413793103448275862,blockchain.info-x-ecb
2021-10-04,41428.08525266414575455482984,blockchain.info-x-ecb
2021-10-05,42358.17100499913807964144113,blockchain.info-x-ecb
2021-10-06,44624.70109166522266504938486,blockchain.info-x-ecb
2021-10-07,47866.94343539180072651790348,blockchain.info-x-ecb
2021-10-08,46504.53798945457688650704469,blockchain.info-x-ecb
2021-10-09,46561.75987552943210303397009,blockchain.info-x-ecb
2021-10-10,47646.80611980292160082980379,blockchain.info-x-ecb
2021-10-11,47196.94142042509072058061172,blockchain.info-x-ecb
2021-10-12,49720.47598442232799653829511,blockchain.info-x-ecb
2021-10-13,48644.64625497318802975263795,blockchain.info-x-ecb
2021-10-14,49479.99482847784864678503706,blockchain.info-x-ecb
2021-10-15,49472.28064126874676779865540,blockchain.info-x-ecb
2021-10-16,53129.77934838820892949491467,blockchain.info-x-ecb
2021-10-17,52532.99431132563351146354077,blockchain.info-x-ecb
2021-10-18,53038.78834884522578421234057,blockchain.info-x-ecb
2021-10-19,53171.67739167739167739167739,blockchain.info-x-ecb
2021-10-20,55310.71152026155037425793685,blockchain.info-x-ecb
2021-10-21,56770.26725100971040646214660,blockchain.info-x-ecb
2021-10-22,53615.52880481513327601031814,blockchain.info-x-ecb
2021-10-23,52190.07738607050730868443680,blockchain.info-x-ecb
2021-10-24,52688.97678417884780739466896,blockchain.info-x-ecb
2021-10-25,52472.79151943462897526501767,blockchain.info-x-ecb
2021-10-26,54286.91685315889137545188501,blockchain.info-x-ecb
2021-10-27,51945.57114573469914780063700,blockchain.info-x-ecb
2021-10-28,50494.68644871905460191494868,blockchain.info-x-ecb
2021-10-29,52028.41562902533276084156290,blockchain.info-x-ecb
2021-10-30,53455.71489909832546157148991,blockchain.info-x-ecb
2021-10-31,53010.98325461571489909832546,blockchain.info-x-ecb
2021-11-01,53008.67161858697529797892555,blockchain.info-x-ecb
2021-11-02,52598.03499095061621994311816,blockchain.info-x-ecb
2021-11-03,54621.79132838141302470202107,blockchain.info-x-ecb
2021-11-04,54416.85538940271414988330884,blockchain.info-x-ecb
2021-11-05,53339.55204444830280406285268,blockchain.info-x-ecb
2021-11-06,53018.76899036374685302543624,blockchain.info-x-ecb
2021-11-07,53404.21043493358798506814828,blockchain.info-x-ecb
2021-11-08,54662.07789964591070040590725,blockchain.info-x-ecb
2021-11-09,58358.96173447352509285652587,blockchain.info-x-ecb
2021-11-10,57928.80256099671223395051047,blockchain.info-x-ecb
2021-11-11,56698.71727748691099476439791,blockchain.info-x-ecb
2021-11-12,56637.67470300489168413696716,blockchain.info-x-ecb
2021-11-13,56127.41963661774982529699511,blockchain.info-x-ecb
2021-11-14,56272.65897973445143256464011,blockchain.info-x-ecb
2021-11-15,57207.92555050681579867179308,blockchain.info-x-ecb
2021-11-16,55932.66185784658691062631949,blockchain.info-x-ecb
2021-11-17,53174.49628844114528101802757,blockchain.info-x-ecb
2021-11-18,53222.87351256059938298810048,blockchain.info-x-ecb
2021-11-19,50502.47537929198828852808092,blockchain.info-x-ecb
2021-11-20,51577.51752284624256942596043,blockchain.info-x-ecb
2021-11-21,53036.97985981723005944459232,blockchain.info-x-ecb
2021-11-22,52097.80102855116155346692676,blockchain.info-x-ecb
2021-11-23,50005.79092281730171418420819,blockchain.info-x-ecb
2021-11-24,51381.59914331608067106907014,blockchain.info-x-ecb
2021-11-25,50955.66247883810032968012118,blockchain.info-x-ecb
2021-11-26,52196.83818970861748295102294,blockchain.info-x-ecb
2021-11-27,47460.99548312815516783278718,blockchain.info-x-ecb
2021-11-28,48535.24931361261181471968825,blockchain.info-x-ecb
2021-11-29,50809.04576090812344803121674,blockchain.info-x-ecb
2021-11-30,50891.88594561295432544222476,blockchain.info-x-ecb
2021-12-01,50402.85487007247657769135584,blockchain.info-x-ecb
2021-12-02,50471.61125319693094629156010,blockchain.info-x-ecb
2021-12-03,50047.36515809051456912585245,blockchain.info-x-ecb
2021-12-04,47572.26109290585422017536091,blockchain.info-x-ecb
2021-12-05,43622.23009476574262687095917,blockchain.info-x-ecb
2021-12-06,43749.82723487197661025959068,blockchain.info-x-ecb
2021-12-07,44922.37917555081734186211798,blockchain.info-x-ecb
2021-12-08,44822.91353217098858306044783,blockchain.info-x-ecb
2021-12-09,44656.63513394041198832994430,blockchain.info-x-ecb
2021-12-10,42277.72553889825246163399273,blockchain.info-x-ecb
2021-12-11,41814.47706910316685886631775,blockchain.info-x-ecb
2021-12-12,43803.48620597888760755788166,blockchain.info-x-ecb
2021-12-13,44438.06525979783649583259443,blockchain.info-x-ecb
2021-12-14,41345.02608541869307631090282,blockchain.info-x-ecb
2021-12-15,42969.97868939797549280767182,blockchain.info-x-ecb
2021-12-16,43123.37685250529287226534933,blockchain.info-x-ecb
2021-12-17,42063.88349514563106796116505,blockchain.info-x-ecb
2021-12-18,40753.31862312444836716681377,blockchain.info-x-ecb
2021-12-19,41362.46248896734333627537511,blockchain.info-x-ecb
2021-12-20,41416.90765545994854963186375,blockchain.info-x-ecb
2021-12-21,41531.76626826029216467463479,blockchain.info-x-ecb
2021-12-22,43301.09724803114768604548270,blockchain.info-x-ecb
2021-12-23,42995.88859416445623342175066,blockchain.info-x-ecb
2021-12-24,44875.57656622779888663073253,blockchain.info-x-ecb
2021-12-25,44901.40496598038349385879650,blockchain.info-x-ecb
2021-12-26,44597.41097463992224087655739,blockchain.info-x-ecb
2021-12-27,44909.04349363507779349363508,blockchain.info-x-ecb
2021-12-28,44737.71070514517694819521666,blockchain.info-x-ecb
2021-12-29,42113.82818720693621162523224,blockchain.info-x-ecb
2021-12-30,40946.59431798129521792835716,blockchain.info-x-ecb
2021-12-31,41614.83312731767614338689740,blockchain.info-x-ecb
2022-01-01,40834.85784919653893695920890,blockchain.info-x-ecb
2022-01-02,42171.40208370121843545823768,blockchain.info-x-ecb
2022-01-03,41680.20255394099515631880229,blockchain.info-x-ecb
2022-01-04,41175.62727192126961610071815,blockchain.info-x-ecb
2022-01-05,40518.57937980386959978796713,blockchain.info-x-ecb
2022-01-06,38388.13079982324348210340256,blockchain.info-x-ecb
2022-01-07,38166.60470879801734820322181,blockchain.info-x-ecb
2022-01-08,36756.98353690918746680828465,blockchain.info-x-ecb
2022-01-09,36901.15949725615153124446805,blockchain.info-x-ecb
2022-01-10,36989.25605230606114154444248,blockchain.info-x-ecb
2022-01-11,36916.90190543401552575864502,blockchain.info-x-ecb
2022-01-12,37575.52330694810905892700088,blockchain.info-x-ecb
2022-01-13,38319.81156765244700340225072,blockchain.info-x-ecb
2022-01-14,37168.20127544334760199178824,blockchain.info-x-ecb
2022-01-15,37651.23613173757316327422032,blockchain.info-x-ecb
2022-01-16,37692.43469904778544596837599,blockchain.info-x-ecb
2022-01-17,37799.21073401736385161799526,blockchain.info-x-ecb
2022-01-18,37167.54640626374593120436351,blockchain.info-x-ecb
2022-01-19,37356.96782723666813574261789,blockchain.info-x-ecb
2022-01-20,36785.89698359499029811254189,blockchain.info-x-ecb
2022-01-21,35851.62143108917870990482904,blockchain.info-x-ecb
2022-01-22,32147.38279873105393020796616,blockchain.info-x-ecb
2022-01-23,30905.38420867113147691223123,blockchain.info-x-ecb
2022-01-24,32095.55909412597310686482661,blockchain.info-x-ecb
2022-01-25,32551.31345402910898118565850,blockchain.info-x-ecb
2022-01-26,32764.75126363394519819100825,blockchain.info-x-ecb
2022-01-27,32995.96774193548387096774194,blockchain.info-x-ecb
2022-01-28,33351.45448015801759741425750,blockchain.info-x-ecb
2022-01-29,33911.07021009157838031962650,blockchain.info-x-ecb
2022-01-30,34284.87161070210091578380320,blockchain.info-x-ecb
2022-01-31,33989.44065973467192542129796,blockchain.info-x-ecb
2022-02-01,34211.18117229129662522202487,blockchain.info-x-ecb
2022-02-02,34213.31802525832376578645235,blockchain.info-x-ecb
2022-02-03,32706.60995924153818890660996,blockchain.info-x-ecb
2022-02-04,32355.54780181437543614794138,blockchain.info-x-ecb
2022-02-05,36273.71772505233775296580600,blockchain.info-x-ecb
2022-02-06,36143.95498953244940683879972,blockchain.info-x-ecb
2022-02-07,37084.80824670219271424827466,blockchain.info-x-ecb
2022-02-08,38423.93057503506311360448808,blockchain.info-x-ecb
2022-02-09,38594.91036292085701792741583,blockchain.info-x-ecb
2022-02-10,38812.22134801993181222134802,blockchain.info-x-ecb
2022-02-11,38128.32618025751072961373391,blockchain.info-x-ecb
2022-02-12,37138.71419812560217219935184,blockchain.info-x-ecb
2022-02-13,37002.32985898221949724095647,blockchain.info-x-ecb
2022-02-14,37208.28031106398020501944150,blockchain.info-x-ecb
2022-02-15,37532.78096077567210224768621,blockchain.info-x-ecb
2022-02-16,39163.03200844178684488216673,blockchain.info-x-ecb
2022-02-17,38653.30694810905892700087951,blockchain.info-x-ecb
2022-02-18,35728.10463272855381363396160,blockchain.info-x-ecb
2022-02-19,35242.68980095120662321648758,blockchain.info-x-ecb
2022-02-20,35331.20486172274088426986084,blockchain.info-x-ecb
2022-02-21,33852.81354736285059093314518,blockchain.info-x-ecb
2022-02-22,32649.51507670604831599365191,blockchain.info-x-ecb
2022-02-23,33728.99330042313117066290550,blockchain.info-x-ecb
2022-02-24,33406.32446474961927797187136,blockchain.info-x-ecb
2022-02-25,34187.57132667617689015691869,blockchain.info-x-ecb
2022-02-26,34970.22111269614835948644793,blockchain.info-x-ecb
2022-02-27,34864.39907275320970042796006,blockchain.info-x-ecb
2022-02-28,33667.79176712206447004196803,blockchain.info-x-ecb
2022-03-01,38726.35728364092456549005555,blockchain.info-x-ecb
2022-03-02,39995.34485863497208716009364,blockchain.info-x-ecb
2022-03-03,39666.71180931744312026002167,blockchain.info-x-ecb
2022-03-04,38854.79000823497117760087840,blockchain.info-x-ecb
2022-03-05,35814.11840058559795040717357,blockchain.info-x-ecb
2022-03-06,36050.48952328666849666026169,blockchain.info-x-ecb
2022-03-07,35252.58375401560348783845801,blockchain.info-x-ecb
2022-03-08,34917.82959970620639001101726,blockchain.info-x-ecb
2022-03-09,35252.52433366687892295096880,blockchain.info-x-ecb
2022-03-10,37853.23890292313244316131361,blockchain.info-x-ecb
2022-03-11,35885.25022747952684258416742,blockchain.info-x-ecb
2022-03-12,35251.17379435850773430391265,blockchain.info-x-ecb
2022-03-13,35313.17561419472247497725205,blockchain.info-x-ecb
2022-03-14,34507.65510948905109489051095,blockchain.info-x-ecb
2022-03-15,36102.81139113820398507870076,blockchain.info-x-ecb
2022-03-16,35765.70856830998726578133527,blockchain.info-x-ecb
2022-03-17,37221.13835851959098724097367,blockchain.info-x-ecb
2022-03-18,37197.29287790697674418604651,blockchain.info-x-ecb
2022-03-19,37968.54106104651162790697674,blockchain.info-x-ecb
2022-03-20,38356.03197674418604651162791,blockchain.info-x-ecb
2022-03-21,37371.65247327414386664250770,blockchain.info-x-ecb
2022-03-22,37256.35885341074020319303338,blockchain.info-x-ecb
2022-03-23,38573.20892125625853436504324,blockchain.info-x-ecb
2022-03-24,39082.76553106212424849699399,blockchain.info-x-ecb
2022-03-25,39996.79149245591710598073078,blockchain.info-x-ecb
2022-03-26,40296.60970732594073804762770,blockchain.info-x-ecb
2022-03-27,40485.72077804035629885475368,blockchain.info-x-ecb
2022-03-28,42730.74047054532190406711654,blockchain.info-x-ecb
2022-03-29,42504.22192151556156968876861,blockchain.info-x-ecb
2022-03-30,42646.06327521121696926119001,blockchain.info-x-ecb
2022-03-31,42396.32465543644716692189893,blockchain.info-x-ecb
2022-04-01,41204.50597176981541802388708,blockchain.info-x-ecb
2022-04-02,41877.09011943539630836047774,blockchain.info-x-ecb
2022-04-03,41463.40933767643865363735071,blockchain.info-x-ecb
2022-04-04,42185.84279872785097682871422,blockchain.info-x-ecb
2022-04-05,42493.62749566961436776369769,blockchain.info-x-ecb
2022-04-06,41662.69339924929048796118283,blockchain.info-x-ecb
2022-04-07,39565.93990472700622938805423,blockchain.info-x-ecb
2022-04-08,40018.70914280452996961605745,blockchain.info-x-ecb
2022-04-09,38927.29951201546818893287911,blockchain.info-x-ecb
2022-04-10,39395.71862627750667526010496,blockchain.info-x-ecb
2022-04-11,38664.43119266055045871559633,blockchain.info-x-ecb
2022-04-12,36358.18064634932326673418654,blockchain.info-x-ecb
2022-04-13,37042.49030112691668206170331,blockchain.info-x-ecb
2022-04-14,37826.86155543298400441257584,blockchain.info-x-ecb
2022-04-15,36716.21621621621621621621622,blockchain.info-x-ecb
2022-04-16,37291.96543482257767972053686,blockchain.info-x-ecb
2022-04-17,37128.86560029417172274315131,blockchain.info-x-ecb
2022-04-18,36506.20518477661334804191947,blockchain.info-x-ecb
2022-04-19,37772.58169027122095714153476,blockchain.info-x-ecb
2022-04-20,38326.22345337026777469990766,blockchain.info-x-ecb
2022-04-21,38004.76715348580876274455773,blockchain.info-x-ecb
2022-04-22,37454.01682536747711934917260,blockchain.info-x-ecb
2022-04-23,36727.05001386706110751594712,blockchain.info-x-ecb
2022-04-24,36450.96607192382361098271240,blockchain.info-x-ecb
2022-04-25,36725.82356225572305974316025,blockchain.info-x-ecb
2022-04-26,37917.08825182686902754356380,blockchain.info-x-ecb
2022-04-27,36015.25087404327695360483795,blockchain.info-x-ecb
2022-04-28,37433.74344301382927992370052,blockchain.info-x-ecb
2022-04-29,37732.48576850094876660341556,blockchain.info-x-ecb
2022-04-30,36618.86148007590132827324478,blockchain.info-x-ecb
2022-05-01,35731.67931688804554079696395,blockchain.info-x-ecb
2022-05-02,36559.74914481185860889395667,blockchain.info-x-ecb
2022-05-03,36482.23758999621068586585828,blockchain.info-x-ecb
2022-05-04,35824.88842465103029152027348,blockchain.info-x-ecb
2022-05-05,37542.47728993186979560938683,blockchain.info-x-ecb
2022-05-06,34578.90255439924314096499527,blockchain.info-x-ecb
2022-05-07,34070.98391674550614947965941,blockchain.info-x-ecb
2022-05-08,33558.58088930936613055818354,blockchain.info-x-ecb
2022-05-09,32277.87669286864286390756700,blockchain.info-x-ecb
2022-05-10,28591.72825469016486640136441,blockchain.info-x-ecb
2022-05-11,29379.25708329385009002179475,blockchain.info-x-ecb
2022-05-12,27773.97194465795541890853190,blockchain.info-x-ecb
2022-05-13,27858.58449687048627828598941,blockchain.info-x-ecb
2022-05-14,28150.27443428021184400577756,blockchain.info-x-ecb
2022-05-15,28959.66297544535387578237843,blockchain.info-x-ecb
2022-05-16,30010.96718480138169257340242,blockchain.info-x-ecb
2022-05-17,28302.90295038421402144009107,blockchain.info-x-ecb
2022-05-18,28895.45756913427729734866483,blockchain.info-x-ecb
2022-05-19,27250.32779097387173396674584,blockchain.info-x-ecb
2022-05-20,28637.48700009454476694714948,blockchain.info-x-ecb
2022-05-21,27568.78131795405124326368536,blockchain.info-x-ecb
2022-05-22,27805.54032334310295925120545,blockchain.info-x-ecb
2022-05-23,28406.92372642837039121868843,blockchain.info-x-ecb
2022-05-24,27121.57649253731343283582090,blockchain.info-x-ecb
2022-05-25,27810.21959459459459459459459,blockchain.info-x-ecb
2022-05-26,27595.20426287744227353463588,blockchain.info-x-ecb
2022-05-27,27228.05446745010259279985077,blockchain.info-x-ecb
2022-05-28,26654.43947024808804327550830,blockchain.info-x-ecb
2022-05-29,27059.96082820369334079462787,blockchain.info-x-ecb
2022-05-30,27358.54700854700854700854701,blockchain.info-x-ecb
2022-05-31,29604.76057126855222626715206,blockchain.info-x-ecb
2022-06-01,29664.18035847647498132935026,blockchain.info-x-ecb
2022-06-02,27853.35765057987280209502432,blockchain.info-x-ecb
2022-06-03,28359.62721342031686859273066,blockchain.info-x-ecb
2022-06-04,27662.40447343895619757688723,blockchain.info-x-ecb
2022-06-05,27814.75302889095992544268406,blockchain.info-x-ecb
2022-06-06,27877.44732425881036733171732,blockchain.info-x-ecb
2022-06-07,29403.32020258863252673044457,blockchain.info-x-ecb
2022-06-08,28976.46894496694291833504051,blockchain.info-x-ecb
2022-06-09,28101.32179093363120171274318,blockchain.info-x-ecb
2022-06-10,28439.64832671582529778786160,blockchain.info-x-ecb
2022-06-11,27471.55416903006239364719229,blockchain.info-x-ecb
2022-06-12,26795.70807335980336547551522,blockchain.info-x-ecb
2022-06-13,25435.96365375418460066953611,blockchain.info-x-ecb
2022-06-14,21461.17489475698430922311519,blockchain.info-x-ecb
2022-06-15,21272.44751222318090307736555,blockchain.info-x-ecb
2022-06-16,21683.45192307692307692307692,blockchain.info-x-ecb
2022-06-17,19407.28590501621209231356094,blockchain.info-x-ecb
2022-06-18,19487.65020026702269692923899,blockchain.info-x-ecb
2022-06-19,18097.94964714857905779134084,blockchain.info-x-ecb
2022-06-20,19530.64562137491680136921175,blockchain.info-x-ecb
2022-06-21,19509.27962085308056872037915,blockchain.info-x-ecb
2022-06-22,19678.27202737382378100940975,blockchain.info-x-ecb
2022-06-23,19016.21080720480320213475650,blockchain.info-x-ecb
2022-06-24,20038.29342455340174838464462,blockchain.info-x-ecb
2022-06-25,20139.37666286583048270619536,blockchain.info-x-ecb
2022-06-26,20411.80159635119726339794755,blockchain.info-x-ecb
2022-06-27,19882.74687854710556186152100,blockchain.info-x-ecb
2022-06-28,19602.52816968090142978884575,blockchain.info-x-ecb
2022-06-29,19260.82533041741941618332224,blockchain.info-x-ecb
2022-06-30,19337.56618850486184653894291,blockchain.info-x-ecb
2022-07-01,19055.82733812949640287769784,blockchain.info-x-ecb
2022-07-02,18442.87769784172661870503597,blockchain.info-x-ecb
2022-07-03,18441.00719424460431654676259,blockchain.info-x-ecb
2022-07-04,18449.51697752271640363462458,blockchain.info-x-ecb
2022-07-05,19638.92128279883381924198251,blockchain.info-x-ecb
2022-07-06,19830.90301660607251645868134,blockchain.info-x-ecb
2022-07-07,20182.32809430255402750491159,blockchain.info-x-ecb
2022-07-08,21286.47053035521007576503001,blockchain.info-x-ecb
2022-07-09,21289.43225425563317917937617,blockchain.info-x-ecb
2022-07-10,21236.44593131949227590278461,blockchain.info-x-ecb
2022-07-11,20632.41235888294711824123589,blockchain.info-x-ecb
2022-07-12,19862.88587930691097390957976,blockchain.info-x-ecb
2022-07-13,19164.58726532234031985695838,blockchain.info-x-ecb
2022-07-14,20213.58320839580209895052474,blockchain.info-x-ecb
2022-07-15,20448.25529376677602147330749,blockchain.info-x-ecb
2022-07-16,20713.40093448652947609106273,blockchain.info-x-ecb
2022-07-17,21072.77065314643602743811512,blockchain.info-x-ecb
2022-07-18,20505.60655414075609515348929,blockchain.info-x-ecb
2022-07-19,21999.10200097608589555880918,blockchain.info-x-ecb
2022-07-20,22946.65163251299146975193646,blockchain.info-x-ecb
2022-07-21,22774.01706049612707128149819,blockchain.info-x-ecb
2022-07-22,22722.36506378802747791952895,blockchain.info-x-ecb
2022-07-23,22264.06280667320902845927380,blockchain.info-x-ecb
2022-07-24,22042.88518155053974484789009,blockchain.info-x-ecb
2022-07-25,22061.74286830793278624462681,blockchain.info-x-ecb
2022-07-26,21039.82615566969577242196760,blockchain.info-x-ecb
2022-07-27,20948.90661938534278959810875,blockchain.info-x-ecb
2022-07-28,22673.67121122307844299545544,blockchain.info-x-ecb
2022-07-29,23393.06726809178270249068445,blockchain.info-x-ecb
2022-07-30,23330.06471857226907236713081,blockchain.info-x-ecb
2022-07-31,23188.85075505000980584428319,blockchain.info-x-ecb
2022-08-01,22795.35815498876184892016027,blockchain.info-x-ecb
2022-08-02,22788.47809076682316118935837,blockchain.info-x-ecb
2022-08-03,22544.40847557386698057680989,blockchain.info-x-ecb
2022-08-04,22425.94047735978784009429329,blockchain.info-x-ecb
2022-08-05,22093.52096159484022280856054,blockchain.info-x-ecb
2022-08-06,22764.72197791459005179321802,blockchain.info-x-ecb
2022-08-07,22424.69461545978696374474739,blockchain.info-x-ecb
2022-08-08,22722.08059613687616432983626,blockchain.info-x-ecb
2022-08-09,23271.76079734219269102990033,blockchain.info-x-ecb
2022-08-10,22587.11470932500975419430355,blockchain.info-x-ecb
2022-08-11,23176.55252466627974463145676,blockchain.info-x-ecb
2022-08-12,23290.00486144871171609139524,blockchain.info-x-ecb
2022-08-13,23741.74039863879436071949441,blockchain.info-x-ecb
2022-08-14,23769.69372873116188624210015,blockchain.info-x-ecb
2022-08-15,23849.81853849926434526728789,blockchain.info-x-ecb
2022-08-16,23784.61158819465008390089823,blockchain.info-x-ecb
2022-08-17,23491.03699330972058244785518,blockchain.info-x-ecb
2022-08-18,22924.04205148359206130870505,blockchain.info-x-ecb
2022-08-19,23069.41515814601153769643923,blockchain.info-x-ecb
2022-08-20,20731.27113586632186194549433,blockchain.info-x-ecb
2022-08-21,21036.73164909488760692261786,blockchain.info-x-ecb
2022-08-22,21518.35816418358164183581642,blockchain.info-x-ecb
2022-08-23,21560.32033847083711090964037,blockchain.info-x-ecb
2022-08-24,21658.96919669820817394805718,blockchain.info-x-ecb
2022-08-25,21441.83550651955867602808425,blockchain.info-x-ecb
2022-08-26,21582.82202458279204556810233,blockchain.info-x-ecb
2022-08-27,20219.16658339162586189667233,blockchain.info-x-ecb
2022-08-28,20021.57489757169981013290697,blockchain.info-x-ecb
2022-08-29,19577.47846985780092128980573,blockchain.info-x-ecb
2022-08-30,20221.65636834761809846521826,blockchain.info-x-ecb
2022-08-31,19793.02,blockchain.info-x-ecb
2022-09-01,20039.66413434626149540183926,blockchain.info-x-ecb
2022-09-02,20144.62123486440508355849094,blockchain.info-x-ecb
2022-09-03,19966.88682077454217952566797,blockchain.info-x-ecb
2022-09-04,19848.83418392875012508756129,blockchain.info-x-ecb
2022-09-05,20155.89717741935483870967742,blockchain.info-x-ecb
2022-09-06,19933.39041095890410958904110,blockchain.info-x-ecb
2022-09-07,19025.49317147192716236722307,blockchain.info-x-ecb
2022-09-08,19262.74353082225996603057248,blockchain.info-x-ecb
2022-09-09,19233.28689421833018210767241,blockchain.info-x-ecb
2022-09-10,21283.29186983779480545327893,blockchain.info-x-ecb
2022-09-11,21567.34998507314160612996318,blockchain.info-x-ecb
2022-09-12,21461.86115214180206794682422,blockchain.info-x-ecb
2022-09-13,22007.57739557739557739557740,blockchain.info-x-ecb
2022-09-14,20192.75275275275275275275275,blockchain.info-x-ecb
2022-09-15,20235.73859087269815852682146,blockchain.info-x-ecb
2022-09-16,19785.70423950170785613823589,blockchain.info-x-ecb
2022-09-17,19879.05364677516576250753466,blockchain.info-x-ecb
2022-09-18,20215.70223025919228450874020,blockchain.info-x-ecb
2022-09-19,19435.29529529529529529529530,blockchain.info-x-ecb
2022-09-20,19569.59743641097536551171640,blockchain.info-x-ecb
2022-09-21,19059.11568746214415505754088,blockchain.info-x-ecb
2022-09-22,18724.56495346013759611493323,blockchain.info-x-ecb
2022-09-23,19898.12384662702481033422186,blockchain.info-x-ecb
2022-09-24,19766.84437153988107443100267,blockchain.info-x-ecb
2022-09-25,19409.25774041418905064588887,blockchain.info-x-ecb
2022-09-26,19497.93696869168567281774829,blockchain.info-x-ecb
2022-09-27,19937.01783492326835338034011,blockchain.info-x-ecb
2022-09-28,19973.74803972817564035546262,blockchain.info-x-ecb
2022-09-29,20122.30579023284566247681846,blockchain.info-x-ecb
2022-09-30,20105.51908083709478867459992,blockchain.info-x-ecb
2022-10-01,19929.42141977841608535084120,blockchain.info-x-ecb
2022-10-02,19814.00287238407878539187526,blockchain.info-x-ecb
2022-10-03,19510.15977058582548136009832,blockchain.info-x-ecb
2022-10-04,19848.96370437771711657061976,blockchain.info-x-ecb
2022-10-05,20516.64145234493192133131619,blockchain.info-x-ecb
2022-10-06,20454.14807302231237322515213,blockchain.info-x-ecb
2022-10-07,20370.00102072062876390731857,blockchain.info-x-ecb
2022-10-08,19949.80095947739103807287945,blockchain.info-x-ecb
2022-10-09,19820.07757476778605695621109,blockchain.info-x-ecb
2022-10-10,20049.37609569970093843456739,blockchain.info-x-ecb
2022-10-11,19677.58922143371387431862594,blockchain.info-x-ecb
2022-10-12,19626.66391922522151246651556,blockchain.info-x-ecb
2022-10-13,19669.58619981517609610843002,blockchain.info-x-ecb
2022-10-14,19947.85427601111454152516209,blockchain.info-x-ecb
2022-10-15,19743.44962436966141813316867,blockchain.info-x-ecb
2022-10-16,19618.29782854790573222187918,blockchain.info-x-ecb
2022-10-17,19781.83591744532292843207722,blockchain.info-x-ecb
2022-10-18,19876.93950177935943060498221,blockchain.info-x-ecb
2022-10-19,19769.62569032521988136633258,blockchain.info-x-ecb
2022-10-20,19494.08826827030883701967180,blockchain.info-x-ecb
2022-10-21,19575.36485097636176772867420,blockchain.info-x-ecb
2022-10-22,19703.32990750256937307297020,blockchain.info-x-ecb
2022-10-23,19738.38643371017471736896197,blockchain.info-x-ecb
2022-10-24,19861.85158867120089331032382,blockchain.info-x-ecb
2022-10-25,19611.49984788560997870398540,blockchain.info-x-ecb
2022-10-26,20055.14317070737304200339220,blockchain.info-x-ecb
2022-10-27,20695.78559330477234233336654,blockchain.info-x-ecb
2022-10-28,20388.42327404280976786252638,blockchain.info-x-ecb
2022-10-29,20703.07506783237865541151643,blockchain.info-x-ecb
2022-10-30,20918.66144106119987940910461,blockchain.info-x-ecb
2022-10-31,20807.44401855961266895299576,blockchain.info-x-ecb
2022-11-01,20608.51513019000703729767769,blockchain.info-x-ecb
2022-11-02,20676.48364957610012111425111,blockchain.info-x-ecb
2022-11-03,20664.40069722136778427150620,blockchain.info-x-ecb
2022-11-04,20470.17828200972447325769854,blockchain.info-x-ecb
2022-11-05,21427.19813614262560777957861,blockchain.info-x-ecb
2022-11-06,21568.75,blockchain.info-x-ecb
2022-11-07,20934.98448914239967977584309,blockchain.info-x-ecb
2022-11-08,20606.68267306922769107643057,blockchain.info-x-ecb
2022-11-09,18468.08447056479729056678952,blockchain.info-x-ecb
2022-11-10,15930.22905364677516576250753,blockchain.info-x-ecb
2022-11-11,17025.83430345362824990298797,blockchain.info-x-ecb
2022-11-12,16482.59604190919674039580908,blockchain.info-x-ecb
2022-11-13,16275.12611563833915405510283,blockchain.info-x-ecb
2022-11-14,15806.08586103304583777497820,blockchain.info-x-ecb
2022-11-15,15943.82929642445213379469435,blockchain.info-x-ecb
2022-11-16,16205.87783326930464848252017,blockchain.info-x-ecb
2022-11-17,16147.14604128307006492877217,blockchain.info-x-ecb
2022-11-18,16093.42079876519390314489678,blockchain.info-x-ecb
2022-11-19,16094.17325873046498167084700,blockchain.info-x-ecb
2022-11-20,16098.59154929577464788732394,blockchain.info-x-ecb
2022-11-21,15870.00780792504391957837205,blockchain.info-x-ecb
2022-11-22,15339.31282849912400233599377,blockchain.info-x-ecb
2022-11-23,15684.98789346246973365617433,blockchain.info-x-ecb
2022-11-24,15948.11293575338519158743878,blockchain.info-x-ecb
2022-11-25,15992.93493975903614457831325,blockchain.info-x-ecb
2022-11-26,15910.78554216867469879518072,blockchain.info-x-ecb
2022-11-27,15858.76626506024096385542169,blockchain.info-x-ecb
2022-11-28,15693.58692535601643887986237,blockchain.info-x-ecb
2022-11-29,15636.65830600038587690526722,blockchain.info-x-ecb
2022-11-30,15837.24942174248265227447957,blockchain.info-x-ecb
2022-12-01,16424.92825712645877176200497,blockchain.info-x-ecb
2022-12-02,16105.11482254697286012526096,blockchain.info-x-ecb
2022-12-03,16218.66578098310874928829000,blockchain.info-x-ecb
2022-12-04,16031.72328715126209907003226,blockchain.info-x-ecb
2022-12-05,16168.48021158023991687919146,blockchain.info-x-ecb
2022-12-06,16134.48079117535184480791175,blockchain.info-x-ecb
2022-12-07,16227.03960490075030867128882,blockchain.info-x-ecb
2022-12-08,16005.37123300693982317710809,blockchain.info-x-ecb
2022-12-09,16322.17066010038829434605550,blockchain.info-x-ecb
2022-12-10,16221.75395397291410171417748,blockchain.info-x-ecb
2022-12-11,16218.38242257789563405625533,blockchain.info-x-ecb
2022-12-12,16188.79946979738685854951714,blockchain.info-x-ecb
2022-12-13,16317.56282598387861545756283,blockchain.info-x-ecb
2022-12-14,16687.98009202742041506244718,blockchain.info-x-ecb
2022-12-15,16761.54787684775444873364090,blockchain.info-x-ecb
2022-12-16,16345.67285055089933138713627,blockchain.info-x-ecb
2022-12-17,15667.76532630191166776532630,blockchain.info-x-ecb
2022-12-18,15805.25473208400037668330351,blockchain.info-x-ecb
2022-12-19,15801.08511039818833742215512,blockchain.info-x-ecb
2022-12-20,15510.79347108217756392112463,blockchain.info-x-ecb
2022-12-21,15893.79465964648364046634073,blockchain.info-x-ecb
2022-12-22,15812.67751340167403366876705,blockchain.info-x-ecb
2022-12-23,15833.81660704198832611560911,blockchain.info-x-ecb
2022-12-24,15797.12860101675767275466014,blockchain.info-x-ecb
2022-12-25,15852.09941630578045565806816,blockchain.info-x-ecb
2022-12-26,15841.51760497081528902278290,blockchain.info-x-ecb
2022-12-27,15922.15737951807228915662651,blockchain.info-x-ecb
2022-12-28,15694.54887218045112781954887,blockchain.info-x-ecb
2022-12-29,15531.29871349422480984129965,blockchain.info-x-ecb
2022-12-30,15592.05887867991749484342771,blockchain.info-x-ecb
2022-12-31,15563.18207387961747609225577,blockchain.info-x-ecb
2023-01-01,15494.82467654228389274329646,blockchain.info-x-ecb
2023-01-02,15551.53982963587007394926519,blockchain.info-x-ecb
2023-01-03,15809.90042674253200568990043,blockchain.info-x-ecb
2023-01-04,15727.52146428908387583734315,blockchain.info-x-ecb
2023-01-05,15895.32119611357419111404584,blockchain.info-x-ecb
2023-01-06,16025.15238095238095238095238,blockchain.info-x-ecb
2023-01-07,16144.73333333333333333333333,blockchain.info-x-ecb
2023-01-08,16138.28571428571428571428571,blockchain.info-x-ecb
2023-01-09,15995.14771877337322363500374,blockchain.info-x-ecb
2023-01-10,16032.89191457614473561503311,blockchain.info-x-ecb
2023-01-11,16231.20870940727644924164883,blockchain.info-x-ecb
2023-01-12,16649.27590048273301151132566,blockchain.info-x-ecb
2023-01-13,17439.72628074717958202330313,blockchain.info-x-ecb
2023-01-14,18432.92028851488810800813760,blockchain.info-x-ecb
2023-01-15,19377.79729979656001479563529,blockchain.info-x-ecb
2023-01-16,19312.79134295227524972253052,blockchain.info-x-ecb
2023-01-17,19543.01392603523010237019275,blockchain.info-x-ecb
2023-01-18,19508.42328628102223452348003,blockchain.info-x-ecb
2023-01-19,19114.91447064262598243180767,blockchain.info-x-ecb
2023-01-20,19478.81027156844633290227231,blockchain.info-x-ecb
2023-01-21,20961.98965453537779419915019,blockchain.info-x-ecb
2023-01-22,21035.00831331978570108996859,blockchain.info-x-ecb
2023-01-23,20903.53233373194738294545120,blockchain.info-x-ecb
2023-01-24,21112.88450911770123411309633,blockchain.info-x-ecb
2023-01-25,20807.56572899430042287185144,blockchain.info-x-ecb
2023-01-26,21192.96925195043597980725103,blockchain.info-x-ecb
2023-01-27,21176.52093879429360331339162,blockchain.info-x-ecb
2023-01-28,21238.66543948458352508053382,blockchain.info-x-ecb
2023-01-29,21198.55499309710078232857800,blockchain.info-x-ecb
2023-01-30,21788.36100155920388883793451,blockchain.info-x-ecb
2023-01-31,21080.11631127111603433951814,blockchain.info-x-ecb
2023-02-01,21235.45988617587662933724986,blockchain.info-x-ecb
2023-02-02,21589.02439024390243902439024,blockchain.info-x-ecb
2023-02-03,21445.01234342141355033372954,blockchain.info-x-ecb
2023-02-04,21431.91917344792904818505989,blockchain.info-x-ecb
2023-02-05,21329.65164121788424613696626,blockchain.info-x-ecb
2023-02-06,21285.21714922048997772828508,blockchain.info-x-ecb
2023-02-07,21274.52336448598130841121495,blockchain.info-x-ecb
2023-02-08,21662.58965999068467629250116,blockchain.info-x-ecb
2023-02-09,21321.01940395506452511373132,blockchain.info-x-ecb
2023-02-10,20387.32460243217960710944808,blockchain.info-x-ecb
2023-02-11,20241.86155285313376987839102,blockchain.info-x-ecb
2023-02-12,20450.73900841908325537885875,blockchain.info-x-ecb
2023-02-13,20388.59255100131012539771664,blockchain.info-x-ecb
2023-02-14,20250.94339622641509433962264,blockchain.info-x-ecb
2023-02-15,20758.69158878504672897196262,blockchain.info-x-ecb
2023-02-16,22748.34579439252336448598131,blockchain.info-x-ecb
2023-02-17,22159.68941176470588235294118,blockchain.info-x-ecb
2023-02-18,23127.50117647058823529411765,blockchain.info-x-ecb
2023-02-19,23192.41411764705882352941176,blockchain.info-x-ecb
2023-02-20,22756.39872587596027730934982,blockchain.info-x-ecb
2023-02-21,23288.45648912228057014253563,blockchain.info-x-ecb
2023-02-22,22959.50770387072529124389327,blockchain.info-x-ecb
2023-02-23,22782.28146194423511680482291,blockchain.info-x-ecb
2023-02-24,22655.05203405865657521286660,blockchain.info-x-ecb
2023-02-25,21941.36234626300851466414380,blockchain.info-x-ecb
2023-02-26,21926.92526017029328287606433,blockchain.info-x-ecb
2023-02-27,22326.23649801023308698123934,blockchain.info-x-ecb
2023-02-28,22127.90281570769375647424428,blockchain.info-x-ecb
2023-03-01,21647.60389367278172968925496,blockchain.info-x-ecb
2023-03-02,22292.95615275813295615275813,blockchain.info-x-ecb
2023-03-03,22107.73433820065944418276024,blockchain.info-x-ecb
2023-03-04,21056.73104097974564295807819,blockchain.info-x-ecb
2023-03-05,21053.70701837023080546396609,blockchain.info-x-ecb
2023-03-06,21066.65414240090174713507421,blockchain.info-x-ecb
2023-03-07,21013.23956868260665729020159,blockchain.info-x-ecb
2023-03-08,21050.25130393551446183025130,blockchain.info-x-ecb
2023-03-09,20559.34242941064999052491946,blockchain.info-x-ecb
2023-03-10,19236.12318156055167201964859,blockchain.info-x-ecb
2023-03-11,19105.28055922917060268278859,blockchain.info-x-ecb
2023-03-12,19513.30058567919894199886643,blockchain.info-x-ecb
2023-03-13,20741.00504390061647674201382,blockchain.info-x-ecb
2023-03-14,22551.68110272888143801806836,blockchain.info-x-ecb
2023-03-15,23478.49085221347995070622808,blockchain.info-x-ecb
2023-03-16,23007.44690891930155733836715,blockchain.info-x-ecb
2023-03-17,23584.33587498823307916784336,blockchain.info-x-ecb
2023-03-18,25852.17923373811540995952179,blockchain.info-x-ecb
2023-03-19,25393.38228372399510496093382,blockchain.info-x-ecb
2023-03-20,26169.48772977512363534571242,blockchain.info-x-ecb
2023-03-21,25789.61581291759465478841871,blockchain.info-x-ecb
2023-03-22,26139.57348168752897542883635,blockchain.info-x-ecb
2023-03-23,25100.02757606397646842540675,blockchain.info-x-ecb
2023-03-24,26368.00372266170311772917636,blockchain.info-x-ecb
2023-03-25,25589.76268031642624476500698,blockchain.info-x-ecb
2023-03-26,25589.63238715681712424383434,blockchain.info-x-ecb
2023-03-27,25990.75466443887496519075466,blockchain.info-x-ecb
2023-03-28,25035.72548657872889954801218,blockchain.info-x-ecb
2023-03-29,25144.94330229556559417350419,blockchain.info-x-ecb
2023-03-30,26048.06173066323718537571192,blockchain.info-x-ecb
2023-03-31,25777.52643678160919540229885,blockchain.info-x-ecb
2023-04-01,26188.27586206896551724137931,blockchain.info-x-ecb
2023-04-02,26174.74942528735632183908046,blockchain.info-x-ecb
2023-04-03,25929.34682612695492180312787,blockchain.info-x-ecb
2023-04-04,25504.29318411154939913769379,blockchain.info-x-ecb
2023-04-05,25749.08592321755027422303473,blockchain.info-x-ecb
2023-04-06,25818.04855703160787906550618,blockchain.info-x-ecb
2023-04-07,25689.36326156665139715987174,blockchain.info-x-ecb
2023-04-08,25584.56252863032524049473202,blockchain.info-x-ecb
2023-04-09,25612.46907924874026568941823,blockchain.info-x-ecb
2023-04-10,25960.76958314246449839670179,blockchain.info-x-ecb
2023-04-11,27195.08482347546996790463090,blockchain.info-x-ecb
2023-04-12,27682.64054202527009705182201,blockchain.info-x-ecb
2023-04-13,27144.11257376305038583749433,blockchain.info-x-ecb
2023-04-14,27500.76874378221940851948992,blockchain.info-x-ecb
2023-04-15,27571.71927285882246540652980,blockchain.info-x-ecb
2023-04-16,27420.92791896536130957764312,blockchain.info-x-ecb
2023-04-17,27607.13049813313905837355432,blockchain.info-x-ecb
2023-04-18,26838.40685380969741159314619,blockchain.info-x-ecb
2023-04-19,27799.90853379676209640537821,blockchain.info-x-ecb
2023-04-20,26342.80884502923976608187135,blockchain.info-x-ecb
2023-04-21,25726.92658043359446165057388,blockchain.info-x-ecb
2023-04-22,24838.75933685552924029877938,blockchain.info-x-ecb
2023-04-23,25338.11258881399161960284205,blockchain.info-x-ecb
2023-04-24,25077.75858934739138338483912,blockchain.info-x-ecb
2023-04-25,24965.05171475231355470876429,blockchain.info-x-ecb
2023-04-26,25637.92916025002264697889302,blockchain.info-x-ecb
2023-04-27,25746.89367868139829740988951,blockchain.info-x-ecb
2023-04-28,26846.68973681814042436936527,blockchain.info-x-ecb
2023-04-29,26709.43447773426828157726983,blockchain.info-x-ecb
2023-04-30,26632.07358164101630088334396,blockchain.info-x-ecb
2023-05-01,26649.79510062835807303524269,blockchain.info-x-ecb
2023-05-02,25614.81988144094847241222070,blockchain.info-x-ecb
2023-05-03,25969.65498505840804129312687,blockchain.info-x-ecb
2023-05-04,26194.38324002167238576846668,blockchain.info-x-ecb
2023-05-05,26195.60559288178681677864536,blockchain.info-x-ecb
2023-05-06,26816.21572544034864717632105,blockchain.info-x-ecb
2023-05-07,26242.42781913927728345741783,blockchain.info-x-ecb
2023-05-08,25783.12947358883754643471958,blockchain.info-x-ecb
2023-05-09,25268.19052833287708732548590,blockchain.info-x-ecb
2023-05-10,25242.09132420091324200913242,blockchain.info-x-ecb
2023-05-11,25267.28270814272644098810613,blockchain.info-x-ecb
2023-05-12,24782.59272860815277267719427,blockchain.info-x-ecb
2023-05-13,24608.01505692251193536540580,blockchain.info-x-ecb
2023-05-14,24592.30627983841351450605949,blockchain.info-x-ecb
2023-05-15,24757.42000735564545788892975,blockchain.info-x-ecb
2023-05-16,24990.32258064516129032258065,blockchain.info-x-ecb
2023-05-17,24966.65435404931203250530982,blockchain.info-x-ecb
2023-05-18,25338.26875057800795338943864,blockchain.info-x-ecb
2023-05-19,24827.22982975573649148778682,blockchain.info-x-ecb
2023-05-20,24879.34863064396743153219837,blockchain.info-x-ecb
2023-05-21,25096.66913397483345669874167,blockchain.info-x-ecb
2023-05-22,24724.23766401774163740528553,blockchain.info-x-ecb
2023-05-23,24909.51850821040912886167548,blockchain.info-x-ecb
2023-05-24,25241.71534538711172925359295,blockchain.info-x-ecb
2023-05-25,24524.80670703306939916162087,blockchain.info-x-ecb
2023-05-26,24627.74625616221746814249837,blockchain.info-x-ecb
2023-05-27,24853.26016184540972932750442,blockchain.info-x-ecb
2023-05-28,24995.98176913775462747651381,blockchain.info-x-ecb
2023-05-29,26208.77274848343443770415306,blockchain.info-x-ecb
2023-05-30,25823.39910647803425167535369,blockchain.info-x-ecb
2023-05-31,25932.79041467752503978283254,blockchain.info-x-ecb
2023-06-01,25440.50668411704216135365056,blockchain.info-x-ecb
2023-06-02,24913.84372386880981139087615,blockchain.info-x-ecb
2023-06-03,25320.01300752578277431942767,blockchain.info-x-ecb
2023-06-04,25154.01839635789278082319056,blockchain.info-x-ecb
2023-06-05,25374.20018709073900841908326,blockchain.info-x-ecb
2023-06-06,24101.09519797809604043807919,blockchain.info-x-ecb
2023-06-07,25420.95735746944107492768499,blockchain.info-x-ecb
2023-06-08,24543.35475458694234888702617,blockchain.info-x-ecb
2023-06-09,24589.35992578849721706864564,blockchain.info-x-ecb
2023-06-10,24567.27272727272727272727273,blockchain.info-x-ecb
2023-06-11,23982.20779220779220779220779,blockchain.info-x-ecb
2023-06-12,24090.16256386437529029261496,blockchain.info-x-ecb
2023-06-13,24001.03770962660983971092375,blockchain.info-x-ecb
2023-06-14,23981.33037283745027292071422,blockchain.info-x-ecb
2023-06-15,23224.91912376374896016267677,blockchain.info-x-ecb
2023-06-16,23322.71566660587269742841510,blockchain.info-x-ecb
2023-06-17,24007.14025168703264636148094,blockchain.info-x-ecb
2023-06-18,24174.55772387379171986138975,blockchain.info-x-ecb
2023-06-19,24113.78868339132027101263505,blockchain.info-x-ecb
2023-06-20,24557.57797493826031281441507,blockchain.info-x-ecb
2023-06-21,25933.16854344044676370960359,blockchain.info-x-ecb
2023-06-22,27303.57760582612653618570778,blockchain.info-x-ecb
2023-06-23,27474.94487320837927232635061,blockchain.info-x-ecb
2023-06-24,28199.92649761117236310180081,blockchain.info-x-ecb
2023-06-25,28067.42925395075339948548328,blockchain.info-x-ecb
2023-06-26,27897.93918300054955119985345,blockchain.info-x-ecb
2023-06-27,27638.29787234042553191489362,blockchain.info-x-ecb
2023-06-28,28066.47467544340830133479612,blockchain.info-x-ecb
2023-06-29,27503.73925763393673432071677,blockchain.info-x-ecb
2023-06-30,28022.41855328547763666482606,blockchain.info-x-ecb
2023-07-01,28042.97809681575556782624701,blockchain.info-x-ecb
2023-07-02,28153.44192895269648444689858,blockchain.info-x-ecb
2023-07-03,28092.71492797504358197999816,blockchain.info-x-ecb
2023-07-04,28591.94125745754933455713630,blockchain.info-x-ecb
2023-07-05,28288.32613291662836657781046,blockchain.info-x-ecb
2023-07-06,27986.55839985319754105881274,blockchain.info-x-ecb
2023-07-07,27477.99412196914033798677443,blockchain.info-x-ecb
2023-07-08,27869.70058780308596620132256,blockchain.info-x-ecb
2023-07-09,27750.32145481263776634827333,blockchain.info-x-ecb
2023-07-10,27578.08506754289886820007302,blockchain.info-x-ecb
2023-07-11,27674.68377468377468377468377,blockchain.info-x-ecb
2023-07-12,27783.25167846125929958265288,blockchain.info-x-ecb
2023-07-13,27179.07351099982114111965659,blockchain.info-x-ecb
2023-07-14,28059.32626325639426076107299,blockchain.info-x-ecb
2023-07-15,27029.87256037786293556724000,blockchain.info-x-ecb
2023-07-16,26995.51733357098297834417610,blockchain.info-x-ecb
2023-07-17,26928.12110418521816562778272,blockchain.info-x-ecb
2023-07-18,26782.94091514882274544646824,blockchain.info-x-ecb
2023-07-19,26607.77045090001782213509178,blockchain.info-x-ecb
2023-07-20,26714.72715906046262391712066,blockchain.info-x-ecb
2023-07-21,26793.39207048458149779735683,blockchain.info-x-ecb
2023-07-22,26888.32149599928076957655309,blockchain.info-x-ecb
2023-07-23,26768.28193832599118942731278,blockchain.info-x-ecb
2023-07-24,27110.56236481614996395097332,blockchain.info-x-ecb
2023-07-25,26403.42050493168039091484933,blockchain.info-x-ecb
2023-07-26,26427.50700786689574102540917,blockchain.info-x-ecb
2023-07-27,26377.13258426966292134831461,blockchain.info-x-ecb
2023-07-28,26534.00544959128065395095368,blockchain.info-x-ecb
2023-07-29,26626.81198910081743869209809,blockchain.info-x-ecb
2023-07-30,26666.56675749318801089918256,blockchain.info-x-ecb
2023-07-31,26558.05134718316247845414134,blockchain.info-x-ecb
2023-08-01,26644.02005469462169553327256,blockchain.info-x-ecb
2023-08-02,27021.94811106053709604005462,blockchain.info-x-ecb
2023-08-03,26667.07830223197950969630443,blockchain.info-x-ecb
2023-08-04,26661.25525306047871368536452,blockchain.info-x-ecb
2023-08-05,26562.21450758267860405627627,blockchain.info-x-ecb
2023-08-06,26537.55709848346427918874475,blockchain.info-x-ecb
2023-08-07,26439.37545520757465404224326,blockchain.info-x-ecb
2023-08-08,26664.57419590643274853801170,blockchain.info-x-ecb
2023-08-09,27141.03756382202771699489424,blockchain.info-x-ecb
2023-08-10,26831.67256556856339050730556,blockchain.info-x-ecb
2023-08-11,26748.43693202471828426026899,blockchain.info-x-ecb
2023-08-12,26716.81206833878589603780443,blockchain.info-x-ecb
2023-08-13,26729.22573609596510359869138,blockchain.info-x-ecb
2023-08-14,26792.16834400731930466605672,blockchain.info-x-ecb
2023-08-15,26920.92257001647446457990115,blockchain.info-x-ecb
2023-08-16,26721.40894100403078050567974,blockchain.info-x-ecb
2023-08-17,26331.63302752293577981651376,blockchain.info-x-ecb
2023-08-18,24534.87623079046655010582497,blockchain.info-x-ecb
2023-08-19,23968.94267047023097450998436,blockchain.info-x-ecb
2023-08-20,24009.11014999539891414373792,blockchain.info-x-ecb
2023-08-21,24009.89182251558489182251558,blockchain.info-x-ecb
2023-08-22,23995.04914117755120786258841,blockchain.info-x-ecb
2023-08-23,24097.09393799167052290606201,blockchain.info-x-ecb
2023-08-24,24378.91143911439114391143911,blockchain.info-x-ecb
2023-08-25,24209.28941524796447076239822,blockchain.info-x-ecb
2023-08-26,24101.98001480384900074019245,blockchain.info-x-ecb
2023-08-27,24062.21317542561065877128053,blockchain.info-x-ecb
2023-08-28,24138.39748334566987416728349,blockchain.info-x-ecb
2023-08-29,24167.64787559011385726187170,blockchain.info-x-ecb
2023-08-30,25474.21458754363402535366526,blockchain.info-x-ecb
2023-08-31,25120.64777327935222672064777,blockchain.info-x-ecb
2023-09-01,23914.59793434157137587606049,blockchain.info-x-ecb
2023-09-02,23793.89524160826263371449650,blockchain.info-x-ecb
2023-09-03,23855.67133898930284028033936,blockchain.info-x-ecb
2023-09-04,24043.19044532913619109341728,blockchain.info-x-ecb
2023-09-05,24052.61392228124126362873917,blockchain.info-x-ecb
2023-09-06,23997.48720335039553280595626,blockchain.info-x-ecb
2023-09-07,24046.04108309990662931839402,blockchain.info-x-ecb
2023-09-08,24517.44207772795216741405082,blockchain.info-x-ecb
2023-09-09,24202.19544095665171898355755,blockchain.info-x-ecb
2023-09-10,24191.24626307922272047832586,blockchain.info-x-ecb
2023-09-11,24088.79149571055576277508392,blockchain.info-x-ecb
2023-09-12,23488.00522729394193969943060,blockchain.info-x-ecb
2023-09-13,24071.27550545047982856610454,blockchain.info-x-ecb
2023-09-14,24443.59739049394221808014911,blockchain.info-x-ecb
2023-09-15,24897.74817038844060799399512,blockchain.info-x-ecb
2023-09-16,24963.17320322762244323512854,blockchain.info-x-ecb
2023-09-17,24928.36367048226684180896979,blockchain.info-x-ecb
2023-09-18,24886.56100534558754571884085,blockchain.info-x-ecb
2023-09-19,24982.50723420143750583403342,blockchain.info-x-ecb
2023-09-20,25436.47916277331339936460475,blockchain.info-x-ecb
2023-09-21,25513.44616831217677480018806,blockchain.info-x-ecb
2023-09-22,24955.01080116464731849347234,blockchain.info-x-ecb
2023-09-23,24966.52578191039729501267963,blockchain.info-x-ecb
2023-09-24,24965.45505776275007044237813,blockchain.info-x-ecb
2023-09-25,24689.88056051913853098843224,blockchain.info-x-ecb
2023-09-26,24793.29561527581329561527581,blockchain.info-x-ecb
2023-09-27,24879.29005315110098709187547,blockchain.info-x-ecb
2023-09-28,25009.63089477179998102286744,blockchain.info-x-ecb
2023-09-29,25506.08835189730035869360015,blockchain.info-x-ecb
2023-09-30,25407.69303379271285633377383,blockchain.info-x-ecb
2023-10-01,25458.21219558240513498206532,blockchain.info-x-ecb
2023-10-02,26575.42260208926875593542260,blockchain.info-x-ecb
2023-10-03,26299.08300697296780972394689,blockchain.info-x-ecb
2023-10-04,26131.49471277507859388396685,blockchain.info-x-ecb
2023-10-05,26408.47425422762682880486415,blockchain.info-x-ecb
2023-10-06,25955.40092776673293571901922,blockchain.info-x-ecb
2023-10-07,26457.07658809050459149862728,blockchain.info-x-ecb
2023-10-08,26482.30616302186878727634195,blockchain.info-x-ecb
2023-10-09,26528.51581046434336720159529,blockchain.info-x-ecb
2023-10-10,26064.46796446796446796446796,blockchain.info-x-ecb
2023-10-11,25835.20369671821953979630328,blockchain.info-x-ecb
2023-10-12,25301.61973820510405876259535,blockchain.info-x-ecb
2023-10-13,25426.32079057392626377803117,blockchain.info-x-ecb
2023-10-14,25528.80083618396047130368681,blockchain.info-x-ecb
2023-10-15,25518.70961611554541999239833,blockchain.info-x-ecb
2023-10-16,25780.85974568229265515278041,blockchain.info-x-ecb
2023-10-17,26982.04182041820418204182042,blockchain.info-x-ecb
2023-10-18,26893.67723615712257453857075,blockchain.info-x-ecb
2023-10-19,26834.15419587043000568289449,blockchain.info-x-ecb
2023-10-20,27120.65905013690869606269474,blockchain.info-x-ecb
2023-10-21,28026.24870172788216410159569,blockchain.info-x-ecb
2023-10-22,28251.98753658766877537531867,blockchain.info-x-ecb
2023-10-23,28301.15126922713975653486836,blockchain.info-x-ecb
2023-10-24,31094.78931527464258841234011,blockchain.info-x-ecb
2023-10-25,32056.21217851739788199697428,blockchain.info-x-ecb
2023-10-26,32725.98671726755218216318786,blockchain.info-x-ecb
2023-10-27,32404.69594915093444644720615,blockchain.info-x-ecb
2023-10-28,32170.64794611516933877241248,blockchain.info-x-ecb
2023-10-29,32341.03026278341713309932644,blockchain.info-x-ecb
2023-10-30,32562.36680810938236680810938,blockchain.info-x-ecb
2023-10-31,32489.87663621809963273377908,blockchain.info-x-ecb
2023-11-01,32895.66290215431337192749359,blockchain.info-x-ecb
2023-11-02,33243.13854235062376887721602,blockchain.info-x-ecb
2023-11-03,32643.10409269295458792749019,blockchain.info-x-ecb
2023-11-04,32457.99850495234535600822276,blockchain.info-x-ecb
2023-11-05,32786.44178658194729957017380,blockchain.info-x-ecb
2023-11-06,32630.43478260869565217391304,blockchain.info-x-ecb
2023-11-07,32786.00037432154220475388359,blockchain.info-x-ecb
2023-11-08,33208.02174116765064192671727,blockchain.info-x-ecb
2023-11-09,33326.64858292021326349265738,blockchain.info-x-ecb
2023-11-10,34350.13572966395207338762520,blockchain.info-x-ecb
2023-11-11,34935.55181128896377422072452,blockchain.info-x-ecb
2023-11-12,34765.76804268463914630721707,blockchain.info-x-ecb
2023-11-13,34731.94001874414245548266167,blockchain.info-x-ecb
2023-11-14,34033.33644162625885863483775,blockchain.info-x-ecb
2023-11-15,32707.00220831799779168200221,blockchain.info-x-ecb
2023-11-16,34926.24204995852152272098811,blockchain.info-x-ecb
2023-11-17,33255.61074319352465047829286,blockchain.info-x-ecb
2023-11-18,33686.81015452538631346578366,blockchain.info-x-ecb
2023-11-19,33653.54120676968359087564386,blockchain.info-x-ecb
2023-11-20,34220.50695461200585651537335,blockchain.info-x-ecb
2023-11-21,34212.65175718849840255591054,blockchain.info-x-ecb
2023-11-22,32819.12748602327925946292732,blockchain.info-x-ecb
2023-11-23,34337.08256880733944954128440,blockchain.info-x-ecb
2023-11-24,34167.79039941370465371931110,blockchain.info-x-ecb
2023-11-25,34555.24001465738365701722243,blockchain.info-x-ecb
2023-11-26,34628.93001099303774276291682,blockchain.info-x-ecb
2023-11-27,34215.03972239978084193224363,blockchain.info-x-ecb
2023-11-28,34020.33062380126038907662800,blockchain.info-x-ecb
2023-11-29,34440.37323623122439690487028,blockchain.info-x-ecb
2023-11-30,34642.18278291098710090568109,blockchain.info-x-ecb
2023-12-01,34677.50804597701149425287356,blockchain.info-x-ecb
2023-12-02,35584.19310344827586206896552,blockchain.info-x-ecb
2023-12-03,36300.13793103448275862068966,blockchain.info-x-ecb
2023-12-04,36783.25358851674641148325359,blockchain.info-x-ecb
2023-12-05,38814.41249884441157437367107,blockchain.info-x-ecb
2023-12-06,40895.11968825385043607348302,blockchain.info-x-ecb
2023-12-07,40613.96342029523721102961656,blockchain.info-x-ecb
2023-12-08,40176.95091398348334415885682,blockchain.info-x-ecb
2023-12-09,40998.58958893940799851535678,blockchain.info-x-ecb
2023-12-10,40558.04954996752342952584207,blockchain.info-x-ecb
2023-12-11,40706.34005763688760806916427,blockchain.info-x-ecb
2023-12-12,38169.48352462051092188078489,blockchain.info-x-ecb
2023-12-13,38433.75359228701214424770557,blockchain.info-x-ecb
2023-12-14,39277.48878102390328784687242,blockchain.info-x-ecb
2023-12-15,39304.98812351543942992874109,blockchain.info-x-ecb
2023-12-16,38310.53352822949022473963092,blockchain.info-x-ecb
2023-12-17,38586.52475790243011145623972,blockchain.info-x-ecb
2023-12-18,37865.81791536911522256823594,blockchain.info-x-ecb
2023-12-19,37643.49571246122970260901295,blockchain.info-x-ecb
2023-12-20,38617.16008771929824561403509,blockchain.info-x-ecb
2023-12-21,39734.04352180642811617955021,blockchain.info-x-ecb
2023-12-22,39799.41032386827542411321782,blockchain.info-x-ecb
2023-12-23,39913.61698267259366778553933,blockchain.info-x-ecb
2023-12-24,39682.78145695364238410596026,blockchain.info-x-ecb
2023-12-25,39021.55493059965526626145332,blockchain.info-x-ecb
2023-12-26,39553.30672230790166016510932,blockchain.info-x-ecb
2023-12-27,38422.76547672842295526434704,blockchain.info-x-ecb
2023-12-28,39113.51448623357926938995861,blockchain.info-x-ecb
2023-12-29,38560.38914027149321266968326,blockchain.info-x-ecb
2023-12-30,38087.07692307692307692307692,blockchain.info-x-ecb
2023-12-31,38143.33031674208144796380090,blockchain.info-x-ecb
2024-10-16,62260.1,kraken
2024-10-17,62184.0,kraken
2024-10-18,62958.7,kraken
2024-10-19,62838.3,kraken
2024-10-20,63405.9,kraken
2024-10-21,62232.2,kraken
2024-10-22,62397.2,kraken
2024-10-23,61800.1,kraken
2024-10-24,62957.9,kraken
2024-10-25,61785.3,kraken
2024-10-26,62129.0,kraken
2024-10-27,62915.9,kraken
2024-10-28,64551.5,kraken
2024-10-29,67124.2,kraken
2024-10-30,66600.3,kraken
2024-10-31,64531.9,kraken
2024-11-01,64170.5,kraken
2024-11-02,64040.0,kraken
2024-11-03,63309.9,kraken
2024-11-04,62364.0,kraken
2024-11-05,63482.7,kraken
2024-11-06,70390.0,kraken
2024-11-07,70301.1,kraken
2024-11-08,71456.5,kraken
2024-11-09,71565.6,kraken
2024-11-10,74864.8,kraken
2024-11-11,82187.9,kraken
2024-11-12,82488.0,kraken
2024-11-13,85446.0,kraken
2024-11-14,82884.8,kraken
2024-11-15,86291.4,kraken
2024-11-16,85643.2,kraken
2024-11-17,85101.0,kraken
2024-11-18,85430.9,kraken
2024-11-19,87063.1,kraken
2024-11-20,89111.6,kraken
2024-11-21,93654.6,kraken
2024-11-22,94812.3,kraken
2024-11-23,93311.2,kraken
2024-11-24,93396.0,kraken
2024-11-25,88997.3,kraken
2024-11-26,87586.8,kraken
2024-11-27,90828.1,kraken
2024-11-28,90557.5,kraken
2024-11-29,92169.3,kraken
2024-11-30,91134.5,kraken
2024-12-01,92133.0,kraken
2024-12-02,91261.7,kraken
2024-12-03,91239.3,kraken
2024-12-04,93734.9,kraken
2024-12-05,91721.5,kraken
2024-12-06,94414.3,kraken
2024-12-07,94367.3,kraken
2024-12-08,95578.5,kraken
2024-12-09,92350.5,kraken
2024-12-10,91882.6,kraken
2024-12-11,96240.7,kraken
2024-12-12,95485.1,kraken
2024-12-13,96600.9,kraken
2024-12-14,96510.9,kraken
2024-12-15,98902.1,kraken
2024-12-16,100539.8,kraken
2024-12-17,101091.5,kraken
2024-12-18,96776.9,kraken
2024-12-19,94050.0,kraken
2024-12-20,93844.0,kraken
2024-12-21,93378.5,kraken
2024-12-22,91182.7,kraken
2024-12-23,91100.0,kraken
2024-12-24,94853.3,kraken
2024-12-25,95526.1,kraken
2024-12-26,91791.6,kraken
2024-12-27,90372.0,kraken
2024-12-28,91224.8,kraken
2024-12-29,89712.0,kraken
2024-12-30,89089.9,kraken
2024-12-31,90106.4,kraken
2025-01-01,91186.0,kraken
2025-01-02,94390.8,kraken
2025-01-03,95225.5,kraken
2025-01-04,95293.3,kraken
2025-01-05,95431.7,kraken
2025-01-06,98412.5,kraken
2025-01-07,93801.2,kraken
2025-01-08,92219.0,kraken
2025-01-09,89936.7,kraken
2025-01-10,92503.3,kraken
2025-01-11,92251.3,kraken
2025-01-12,92249.5,kraken
2025-01-13,92100.9,kraken
2025-01-14,93689.9,kraken
2025-01-15,97499.9,kraken
2025-01-16,96994.3,kraken
2025-01-17,101164.1,kraken
2025-01-18,101466.6,kraken
2025-01-19,98550.1,kraken
2025-01-20,98011.0,kraken
2025-01-21,102008.2,kraken
2025-01-22,99650.7,kraken
2025-01-23,99803.9,kraken
2025-01-24,99954.5,kraken
2025-01-25,99857.8,kraken
2025-01-26,98048.1,kraken
2025-01-27,97753.9,kraken
2025-01-28,97170.9,kraken
2025-01-29,99490.3,kraken
2025-01-30,100709.0,kraken
2025-01-31,98888.8,kraken
2025-02-01,97362.1,kraken
2025-02-02,95400.4,kraken
2025-02-03,98267.5,kraken
2025-02-04,94329.8,kraken
2025-02-05,92950.0,kraken
2025-02-06,93047.5,kraken
2025-02-07,93545.4,kraken
2025-02-08,93537.6,kraken
2025-02-09,93600.1,kraken
2025-02-10,94589.0,kraken
2025-02-11,92453.0,kraken
2025-02-12,94172.8,kraken
2025-02-13,92358.8,kraken
2025-02-14,92952.0,kraken
2025-02-15,93085.1,kraken
2025-02-16,91751.1,kraken
2025-02-17,91367.8,kraken
2025-02-18,91449.4,kraken
2025-02-19,92670.8,kraken
2025-02-20,93673.1,kraken
2025-02-21,91974.3,kraken
2025-02-22,92342.2,kraken
2025-02-23,91900.1,kraken
2025-02-24,87524.9,kraken
2025-02-25,84316.1,kraken
2025-02-26,80139.9,kraken
2025-02-27,81355.8,kraken
2025-02-28,81334.0,kraken
2025-03-01,83020.3,kraken
2025-03-02,90595.9,kraken
2025-03-03,82141.8,kraken
2025-03-04,82148.1,kraken
2025-03-05,83986.7,kraken
2025-03-06,83398.7,kraken
2025-03-07,80098.0,kraken
2025-03-08,79613.1,kraken
2025-03-09,74311.2,kraken
2025-03-10,72461.6,kraken
2025-03-11,75996.8,kraken
2025-03-12,76986.0,kraken
2025-03-13,74722.9,kraken
2025-03-14,77249.1,kraken
2025-03-15,77580.5,kraken
2025-03-16,75929.9,kraken
2025-03-17,76980.4,kraken
2025-03-18,75593.9,kraken
2025-03-19,79618.7,kraken
2025-03-20,77572.8,kraken
2025-03-21,77677.1,kraken
2025-03-22,77487.5,kraken
2025-03-23,79410.8,kraken
2025-03-24,81006.9,kraken
2025-03-25,81127.0,kraken
2025-03-26,80893.7,kraken
2025-03-27,80749.6,kraken
2025-03-28,77929.5,kraken
2025-03-29,76379.0,kraken
2025-03-30,76092.2,kraken
2025-03-31,76292.4,kraken
2025-04-01,78905.3,kraken
2025-04-02,75658.7,kraken
2025-04-03,75260.1,kraken
2025-04-04,76519.9,kraken
2025-04-05,76155.3,kraken
2025-04-06,71241.4,kraken
2025-04-07,72530.5,kraken
2025-04-08,69467.3,kraken
2025-04-09,75446.9,kraken
2025-04-10,70719.0,kraken
2025-04-11,73409.9,kraken
2025-04-12,75155.1,kraken
2025-04-13,73839.0,kraken
2025-04-14,74608.4,kraken
2025-04-15,74090.3,kraken
2025-04-16,73721.6,kraken
2025-04-17,74689.8,kraken
2025-04-18,74146.7,kraken
2025-04-19,74673.7,kraken
2025-04-20,74437.8,kraken
2025-04-21,75982.8,kraken
2025-04-22,82306.0,kraken
2025-04-23,82725.1,kraken
2025-04-24,82660.2,kraken
2025-04-25,83334.7,kraken
2025-04-26,83310.3,kraken
2025-04-27,82704.0,kraken
2025-04-28,83268.6,kraken
2025-04-29,82790.5,kraken
2025-04-30,83196.8,kraken
2025-05-01,85435.6,kraken
2025-05-02,85775.5,kraken
2025-05-03,84897.6,kraken
2025-05-04,83297.3,kraken
2025-05-05,83768.0,kraken
2025-05-06,85377.3,kraken
2025-05-07,85806.4,kraken
2025-05-08,91903.0,kraken
2025-05-09,91472.7,kraken
2025-05-10,92992.2,kraken
2025-05-11,92667.3,kraken
2025-05-12,92654.9,kraken
2025-05-13,93160.1,kraken
2025-05-14,92564.1,kraken
2025-05-15,92733.7,kraken
2025-05-16,92643.1,kraken
2025-05-17,92420.0,kraken
2025-05-18,95070.9,kraken
2025-05-19,93984.4,kraken
2025-05-20,94626.5,kraken
2025-05-21,96730.1,kraken
2025-05-22,98936.0,kraken
2025-05-23,94458.3,kraken
2025-05-24,94901.4,kraken
2025-05-25,95877.1,kraken
2025-05-26,96136.7,kraken
2025-05-27,96111.0,kraken
2025-05-28,95936.1,kraken
2025-05-29,92847.2,kraken
2025-05-30,91716.9,kraken
2025-05-31,92275.3,kraken
2025-06-01,93118.3,kraken
2025-06-02,92465.3,kraken
2025-06-03,92638.8,kraken
2025-06-04,91696.4,kraken
2025-06-05,88700.2,kraken
2025-06-06,91597.2,kraken
2025-06-07,92678.5,kraken
2025-06-08,92750.0,kraken
2025-06-09,96500.0,kraken
2025-06-10,96399.2,kraken
2025-06-11,94410.9,kraken
2025-06-12,91130.5,kraken
2025-06-13,91911.8,kraken
2025-06-14,91366.6,kraken
2025-06-15,91499.9,kraken
2025-06-16,92443.4,kraken
2025-06-17,91076.1,kraken
2025-06-18,91408.0,kraken
2025-06-19,90909.1,kraken
2025-06-20,89670.8,kraken
2025-06-21,88704.1,kraken
2025-06-22,87825.2,kraken
2025-06-23,90920.9,kraken
2025-06-24,91349.9,kraken
2025-06-25,91958.8,kraken
2025-06-26,91496.2,kraken
2025-06-27,91449.0,kraken
2025-06-28,91604.7,kraken
2025-06-29,92415.9,kraken
2025-06-30,90961.9,kraken
2025-07-01,89509.1,kraken
2025-07-02,92250.0,kraken
2025-07-03,93150.0,kraken
2025-07-04,91783.8,kraken
2025-07-05,91930.0,kraken
2025-07-06,92720.1,kraken
2025-07-07,92267.3,kraken
2025-07-08,92924.7,kraken
2025-07-09,94854.8,kraken
2025-07-10,98827.8,kraken
2025-07-11,99965.0,kraken
2025-07-12,99799.9,kraken
2025-07-13,101590.2,kraken
2025-07-14,102610.8,kraken
2025-07-15,101426.8,kraken
2025-07-16,102003.2,kraken
2025-07-17,102549.6,kraken
2025-07-18,101452.8,kraken
2025-07-19,101367.5,kraken
2025-07-20,100834.4,kraken
2025-07-21,100408.1,kraken
2025-07-22,102203.6,kraken
2025-07-23,100853.7,kraken
2025-07-24,100697.8,kraken
2025-07-25,100070.0,kraken
2025-07-26,100384.3,kraken
2025-07-27,101575.8,kraken
2025-07-28,101800.0,kraken
2025-07-29,102088.4,kraken
2025-07-30,103073.8,kraken
2025-07-31,101384.8,kraken
2025-08-01,97840.1,kraken
2025-08-02,97205.7,kraken
2025-08-03,98640.2,kraken
2025-08-04,99362.9,kraken
2025-08-05,98584.1,kraken
2025-08-06,98644.8,kraken
2025-08-07,100619.0,kraken
2025-08-08,100158.1,kraken
2025-08-09,99642.7,kraken
2025-08-10,102222.1,kraken
2025-08-11,102188.5,kraken
2025-08-12,102829.9,kraken
2025-08-13,104900.0,kraken
2025-08-14,101620.6,kraken
2025-08-15,100397.1,kraken
2025-08-16,100522.9,kraken
2025-08-17,100358.1,kraken
2025-08-18,99657.9,kraken
2025-08-19,96964.2,kraken
2025-08-20,98101.9,kraken
2025-08-21,96834.9,kraken
2025-08-22,99248.7,kraken
2025-08-23,97922.7,kraken
2025-08-24,96824.5,kraken
2025-08-25,94854.4,kraken
2025-08-26,96072.7,kraken
2025-08-27,95526.7,kraken
2025-08-28,96350.1,kraken
2025-08-29,92803.7,kraken
2025-08-30,93198.4,kraken
2025-08-31,92600.0,kraken
2025-09-01,93269.5,kraken
2025-09-02,95583.2,kraken
2025-09-03,95830.2,kraken
2025-09-04,95001.0,kraken
2025-09-05,94497.6,kraken
2025-09-06,94123.9,kraken
2025-09-07,94900.6,kraken
2025-09-08,95232.0,kraken
2025-09-09,95291.4,kraken
2025-09-10,97355.1,kraken
2025-09-11,98392.0,kraken
2025-09-12,98839.3,kraken
2025-09-13,98537.9,kraken
2025-09-14,98368.2,kraken
2025-09-15,98085.9,kraken
2025-09-16,98400.0,kraken
2025-09-17,98480.6,kraken
2025-09-18,99345.3,kraken
2025-09-19,98556.1,kraken
2025-09-20,98612.3,kraken
2025-09-21,98259.6,kraken
2025-09-22,95574.3,kraken
2025-09-23,94832.0,kraken
2025-09-24,96534.5,kraken
2025-09-25,93540.4,kraken
2025-09-26,93833.8,kraken
2025-09-27,93820.6,kraken
2025-09-28,95864.9,kraken
2025-09-29,97520.0,kraken
2025-09-30,97196.9,kraken
2025-10-01,101065.5,kraken
2025-10-02,102783.5,kraken
2025-10-03,103991.1,kraken
2025-10-04,103987.5,kraken
2025-10-05,105048.9,kraken
2025-10-06,106275.9,kraken
2025-10-07,104184.3,kraken
2025-10-08,106029.7,kraken
2025-10-09,105192.9,kraken
2025-10-10,98380.1,kraken
2025-10-11,96640.5,kraken
2025-10-12,99268.5,kraken
2025-10-13,99691.8,kraken
2025-10-14,97570.7,kraken
2025-10-15,95164.6,kraken
2025-10-16,92534.5,kraken
2025-10-17,91459.2,kraken
2025-10-18,92099.0,kraken
2025-10-19,93283.6,kraken
2025-10-20,95000.1,kraken
2025-10-21,93421.9,kraken
2025-10-22,92700.1,kraken
2025-10-23,94736.9,kraken
2025-10-24,95465.5,kraken
2025-10-25,96007.5,kraken
2025-10-26,98425.1,kraken
2025-10-27,97921.8,kraken
2025-10-28,96934.3,kraken
2025-10-29,94849.2,kraken
2025-10-30,93620.1,kraken
2025-10-31,94881.4,kraken
2025-11-01,95247.3,kraken
2025-11-02,95814.3,kraken
2025-11-03,92471.2,kraken
2025-11-04,88400.1,kraken
2025-11-05,90416.5,kraken
2025-11-06,87729.0,kraken
2025-11-07,89307.8,kraken
2025-11-08,88421.2,kraken
2025-11-09,90657.2,kraken
2025-11-10,91690.5,kraken
2025-11-11,88941.2,kraken
2025-11-12,87700.0,kraken
2025-11-13,85777.2,kraken
2025-11-14,81299.9,kraken
2025-11-15,82279.2,kraken
2025-11-16,81022.1,kraken
2025-11-17,79362.6,kraken
2025-11-18,80216.7,kraken
2025-11-19,79258.5,kraken
2025-11-20,75034.4,kraken
2025-11-21,73930.5,kraken
2025-11-22,73599.9,kraken
2025-11-23,75483.9,kraken
2025-11-24,76653.2,kraken
2025-11-25,75540.2,kraken
2025-11-26,78059.6,kraken
2025-11-27,78763.2,kraken
2025-11-28,78470.1,kraken
2025-11-29,78383.2,kraken
2025-11-30,77940.1,kraken
2025-12-01,74358.1,kraken
2025-12-02,78508.7,kraken
2025-12-03,80116.0,kraken
2025-12-04,79131.3,kraken
2025-12-05,76823.9,kraken
2025-12-06,76756.5,kraken
2025-12-07,77693.9,kraken
2025-12-08,77897.7,kraken
2025-12-09,79672.3,kraken
2025-12-10,78662.6,kraken
2025-12-11,78818.1,kraken
2025-12-12,76952.1,kraken
2025-12-13,76952.2,kraken
2025-12-14,75132.6,kraken
2025-12-15,73545.2,kraken
2025-12-16,74758.5,kraken
2025-12-17,73423.0,kraken
2025-12-18,72898.4,kraken
2025-12-19,75232.1,kraken
2025-12-20,75433.1,kraken
2025-12-21,75665.3,kraken
2025-12-22,75280.2,kraken
2025-12-23,74112.9,kraken
2025-12-24,74393.7,kraken
2025-12-25,74004.6,kraken
2025-12-26,74171.2,kraken
2025-12-27,74557.3,kraken
2025-12-28,74579.0,kraken
2025-12-29,74020.0,kraken
2025-12-30,75262.2,kraken
2025-12-31,74500.1,kraken
2026-01-01,75523.1,kraken
2026-01-02,76784.8,kraken
2026-01-03,77355.1,kraken
2026-01-04,78180.6,kraken
2026-01-05,80150.0,kraken
2026-01-06,80190.8,kraken
2026-01-07,78211.0,kraken
2026-01-08,78101.6,kraken
2026-01-09,77818.8,kraken
2026-01-10,77755.6,kraken
2026-01-11,78175.0,kraken
2026-01-12,78162.4,kraken
2026-01-13,81906.3,kraken
2026-01-14,83258.4,kraken
2026-01-15,82316.7,kraken
2026-01-16,82344.3,kraken
2026-01-17,82090.2,kraken
2026-01-18,80594.6,kraken
2026-01-19,79514.0,kraken
2026-01-20,75314.2,kraken
2026-01-21,76572.5,kraken
2026-01-22,76119.8,kraken
2026-01-23,75683.3,kraken
2026-01-24,75381.4,kraken
2026-01-25,73011.3,kraken
2026-01-26,74338.3,kraken
2026-01-27,74150.1,kraken
2026-01-28,74418.6,kraken
2026-01-29,70660.8,kraken
2026-01-30,71001.6,kraken
2026-01-31,66548.4,kraken
2026-02-01,64904.1,kraken
2026-02-02,66700.1,kraken
2026-02-03,64048.2,kraken
2026-02-04,61870.5,kraken
2026-02-05,53369.4,kraken
2026-02-06,59794.6,kraken
2026-02-07,58746.9,kraken
2026-02-08,59487.3,kraken
2026-02-09,58900.8,kraken
2026-02-10,57888.9,kraken
2026-02-11,56472.0,kraken
2026-02-12,55789.4,kraken
2026-02-13,58002.3,kraken
2026-02-14,58901.6,kraken
2026-02-15,57985.3,kraken
2026-02-16,58122.1,kraken
2026-02-17,56938.0,kraken
2026-02-18,56379.6,kraken
2026-02-19,56898.4,kraken
2026-02-20,57706.5,kraken
2026-02-21,57712.6,kraken
2026-02-22,57170.0,kraken
2026-02-23,54811.6,kraken
2026-02-24,54401.7,kraken
2026-02-25,57544.9,kraken
2026-02-26,57181.0,kraken
2026-02-27,55800.5,kraken
2026-02-28,56786.1,kraken
2026-03-01,55916.0,kraken
2026-03-02,58837.1,kraken
2026-03-03,58853.2,kraken
2026-03-04,62491.9,kraken
2026-03-05,61107.1,kraken
2026-03-06,58681.8,kraken
2026-03-07,58012.5,kraken
2026-03-08,57284.0,kraken
2026-03-09,58933.6,kraken
2026-03-10,60265.3,kraken
2026-03-11,60815.0,kraken
2026-03-12,61218.9,kraken
2026-03-13,62119.7,kraken
2026-03-14,62443.4,kraken
2026-03-15,63689.6,kraken
2026-03-16,65132.0,kraken
2026-03-17,64083.8,kraken
2026-03-18,62177.2,kraken
2026-03-19,60400.1,kraken
2026-03-20,60946.1,kraken
2026-03-21,59607.6,kraken
2026-03-22,58714.8,kraken
2026-03-23,61076.5,kraken
2026-03-24,60739.8,kraken
2026-03-25,61689.6,kraken
2026-03-26,59648.7,kraken
2026-03-27,57685.9,kraken
2026-03-28,57699.5,kraken
2026-03-29,57454.4,kraken
2026-03-30,58245.6,kraken
2026-03-31,58968.9,kraken
2026-04-01,58765.7,kraken
2026-04-02,57986.8,kraken
2026-04-03,58130.0,kraken
2026-04-04,58442.3,kraken
2026-04-05,59939.2,kraken
2026-04-06,59654.2,kraken
2026-04-07,61536.9,kraken
2026-04-08,61009.2,kraken
2026-04-09,61420.9,kraken
2026-04-10,62260.6,kraken
2026-04-11,62363.6,kraken
2026-04-12,60631.9,kraken
2026-04-13,63236.9,kraken
2026-04-14,62882.6,kraken
2026-04-15,63365.7,kraken
2026-04-16,63816.7,kraken
2026-04-17,65580.0,kraken
2026-04-18,64396.9,kraken
2026-04-19,62908.8,kraken
2026-04-20,64406.8,kraken
2026-04-21,65009.3,kraken
2026-04-22,66795.4,kraken
2026-04-23,67007.8,kraken
2026-04-24,66093.9,kraken
2026-04-25,66298.9,kraken
2026-04-26,67194.1,kraken
2026-04-27,66004.0,kraken
2026-04-28,65159.1,kraken
2026-04-29,64852.4,kraken
2026-04-30,65066.3,kraken
2026-05-01,66743.1,kraken
2026-05-02,67107.9,kraken
2026-05-03,66961.8,kraken
2026-05-04,68272.5,kraken
2026-05-05,69078.4,kraken
2026-05-06,69321.6,kraken
2026-05-07,68204.9,kraken
2026-05-08,68064.5,kraken
2026-05-09,68491.0,kraken
2026-05-10,69819.5,kraken
2026-05-11,69386.4,kraken
2026-05-12,68597.8,kraken
2026-05-13,67687.7,kraken
2026-05-14,69510.5,kraken
2026-05-15,68047.5,kraken
2026-05-16,67278.3,kraken
2026-05-17,66670.1,kraken
2026-05-18,66026.5,kraken
2026-05-19,66149.8,kraken
2026-05-20,66657.9,kraken
2026-05-21,66781.1,kraken
2026-05-22,65065.7,kraken
2026-05-23,66058.1,kraken
2026-05-24,66145.5,kraken
2026-05-25,66416.8,kraken
2026-05-26,65168.4,kraken
2026-05-27,63991.1,kraken
2026-05-28,63101.1,kraken
2026-05-29,62944.4,kraken
2026-05-30,63275.2,kraken
2026-05-31,63167.3,kraken
2026-06-01,61318.6,kraken
2026-06-02,57385.2,kraken
2026-06-03,55188.5,kraken
2026-06-04,54981.3,kraken
2026-06-05,53017.0,kraken
2026-06-06,52923.1,kraken
2026-06-07,54961.1,kraken
2026-06-08,54711.6,kraken
2026-06-09,53495.5,kraken
2026-06-10,53294.2,kraken
2026-06-11,54919.1,kraken
2026-06-12,54945.3,kraken
2026-06-13,55744.8,kraken
2026-06-14,56662.9,kraken
2026-06-15,57189.0,kraken
2026-06-16,56527.1,kraken
2026-06-17,56014.0,kraken
2026-06-18,54888.8,kraken
2026-06-19,55369.4,kraken
2026-06-20,56020.0,kraken
2026-06-21,55170.2,kraken
2026-06-22,55979.4,kraken
2026-06-23,55060.7,kraken
2026-06-24,53720.2,kraken
2026-06-25,52554.4,kraken
2026-06-26,52725.6,kraken
2026-06-27,52657.9,kraken
2026-06-28,52247.5,kraken
2026-06-29,52694.0,kraken
2026-06-30,51298.0,kraken
2026-07-01,52701.6,kraken
2026-07-02,53831.8,kraken
2026-07-03,54712.9,kraken
2026-07-04,55205.5,kraken
2026-07-05,55603.3,kraken
2026-07-06,55946.4,kraken
2026-07-07,55519.4,kraken
2026-07-08,54524.1,kraken
2026-07-09,55294.9,kraken
2026-07-10,56197.7,kraken
2026-07-11,55900.0,kraken
2026-07-12,55902.4,kraken
2026-07-13,54708.0,kraken
2026-07-14,56885.2,kraken
2026-07-15,56437.5,kraken
2026-07-16,55748.5,kraken
2026-07-17,55880.9,kraken
2026-07-18,56671.1,kraken
2026-07-19,56614.8,kraken
2026-07-20,57129.0,kraken
2026-07-21,58332.8,kraken
2026-07-22,57923.9,kraken
2026-07-23,57185.8,kraken
2026-07-24,56388.7,kraken
2026-07-25,56586.5,kraken
2026-07-26,57349.9,kraken
2026-07-27,56055.1,kraken
2026-07-28,56095.0,kraken
2026-07-29,55742.9,kraken
2026-07-30,56176.5,kraken
2026-07-31,54500.0,kraken
2026-08-01,54487.0,kraken
2026-08-02,55022.5,kraken
2026-08-03,55153.7,kraken
2026-08-04,55556.3,kraken
2026-08-05,55901.4,kraken
2026-08-06,55769.0,kraken
2026-08-07,56158.5,kraken
2026-08-08,56198.5,kraken
2026-08-09,56138.4,kraken
2026-08-10,55364.2,kraken
2026-08-11,55058.6,kraken
2026-08-12,55019.6,kraken
2026-08-13,55006.0,kraken
2026-08-14,54460.8,kraken
2026-08-15,54525.1,kraken
2026-08-16,54299.8,kraken
2026-08-17,55663.3,kraken
2026-08-18,55880.9,kraken
2026-08-19,59346.9,kraken
2026-08-20,62485.8,kraken
2026-08-21,67000.0,kraken
2026-08-22,65826.0,kraken
2026-08-23,66492.7,kraken
2026-08-24,67699.5,kraken
2026-08-25,67228.8,kraken
2026-08-26,67787.7,kraken
2026-08-27,68904.4,kraken
2026-08-28,67179.9,kraken
2026-08-29,67596.6,kraken
2026-08-30,67047.4,kraken
2026-08-31,67613.4,kraken
2026-09-01,66781.6,kraken
2026-09-02,66748.8,kraken
2026-09-03,69877.5,kraken
2026-09-04,68636.0,kraken
2026-09-05,68753.0,kraken
2026-09-06,69195.9,kraken
2026-09-07,68045.9,kraken
2026-09-08,67483.8,kraken
2026-09-09,67320.6,kraken
2026-09-10,65930.2,kraken
2026-09-11,66586.4,kraken
2026-09-12,66672.1,kraken
2026-09-13,66266.3,kraken
2026-09-14,67689.9,kraken
2026-09-15,65529.0,kraken
2026-09-16,66406.1,kraken
2026-09-17,66549.8,kraken
2026-09-18,70324.3,kraken
2026-09-19,70654.8,kraken
2026-09-20,70662.4,kraken
2026-09-21,75552.6,kraken
2026-09-22,75289.8,kraken
2026-09-23,74153.2,kraken
2026-09-24,74193.8,kraken
2026-09-25,73839.2,kraken
2026-09-26,74164.7,kraken
2026-09-27,74219.6,kraken
2026-09-28,73415.8,kraken
2026-09-29,73753.5,kraken
2026-09-30,73781.3,kraken
2026-10-01,75429.2,kraken
2026-10-02,75140.3,kraken
2026-10-03,75347.7,kraken
2026-10-04,76887.5,kraken
2026-10-05,76462.2,kraken
2026-10-06,76256.9,kraken
